timestamp_s,Aceleracion_Z, Comentario
0,9.892841,
1,9.844957,
2,9.895236,
3,9.821015,
4,9.892841,
5,9.840169,
6,9.892841,
7,9.854534,
8,9.866506,
9,9.849746,
10,9.911995,
11,9.813833,
12,9.840169,
13,9.868899,
14,9.878476,
15,9.928755,
16,9.883265,
17,9.921572,
18,9.871294,
19,9.880871,
20,9.856929,
21,9.868899,
22,9.811439,
23,9.947908,
24,9.842564,
25,9.902418,
26,9.900024,
27,9.828198,
28,9.904813,
29,9.890448,
30,9.78989,
31,9.409213,
32,9.883265,
33,10.29507,
34,10.24958,
35,9.186552,
36,1.821988,
37,16.3093,
38,10.28549,
39,9.478644,
40,10.80743,
41,9.26556,
42,9.414001,
43,10.08438,
44,9.797073,
45,9.169792,
46,9.938332,
47,9.959879,
48,9.701305,
49,9.938332,
50,12.90714,
51,7.912837,
52,6.663064,
53,10.42196,
54,9.375694,
55,7.788338,
56,8.62152,
57,9.624691,
58,10.28788,
59,11.0253,
60,9.840169,
61,10.92235,
62,11.50893,
63,9.696517,
64,9.289502,
65,8.987833,
66,10.66856,
67,9.085996,
68,9.028535,
69,9.677363,
70,9.387665,
71,9.67018,
72,10.00058,
73,10.42675,
74,10.34774,
75,8.714894,
76,10.29507,
77,9.411607,
78,9.619903,
79,10.05804,
80,10.18254,
81,10.4483,
82,10.37887,
83,9.488221,
84,10.47463,
85,9.629479,
86,10.25197,
87,11.19768,
88,10.29986,
89,10.08677,
90,10.1993,
91,10.38605,
92,9.088389,
93,7.524976,
94,8.714894,
95,10.16339,
96,11.315,
97,10.71166,
98,9.416395,
99,8.892065,
100,11.38682,
101,11.05642,
102,9.222465,
103,8.42759,
104,9.356541,
105,10.9032,
106,10.86489,
107,9.662998,
108,8.990228,
109,9.358934,
110,10.18972,
111,10.50097,
112,10.08677,
113,9.600749,
114,9.617508,
115,9.82341,
116,10.08438,
117,9.976639,
118,9.883265,
119,9.80665,
120,9.859323,
121,9.835381,
122,9.873688,
123,9.952697,
124,9.94312,
125,9.856929,
126,9.804255,
127,9.902418,
128,9.892841,
129,9.938332,
130,9.955091,
131,9.856929,
132,9.864111,
133,9.907207,
134,9.895236,
135,9.792285,
136,9.825804,
137,9.928755,
138,9.861717,
139,9.856929,
140,9.868899,
141,9.89763,
142,9.988609,
143,9.916783,
144,9.902418,
145,9.797073,
146,9.931149,
147,9.873688,
148,9.883265,
149,9.888053,
150,9.813833,
151,9.847352,
152,9.933543,
153,9.911995,
154,9.782708,
155,9.85214,
156,9.931149,
157,9.938332,
158,9.89763,
159,9.818622,
160,9.911995,
161,9.962274,
162,9.957485,
163,9.911995,
164,9.876082,
165,9.847352,
166,9.97185,
167,9.861717,
168,9.85214,
169,9.864111,
170,9.861717,
171,9.832987,
172,9.92636,
173,9.883265,
174,9.933543,
175,9.859323,
176,9.92636,
177,9.900024,
178,9.859323,
179,9.885659,
180,9.885659,
181,9.835381,
182,9.868899,
183,9.878476,
184,9.876082,
185,9.92636,
186,9.866506,
187,9.85214,
188,9.976639,
189,9.89763,
190,9.861717,
191,9.955091,
192,9.854534,
193,9.847352,
194,9.902418,
195,9.916783,
196,9.892841,
197,9.97185,
198,9.904813,
199,9.878476,
100,9.816227,
101,9.85214,
102,9.919178,
103,9.947908,
104,9.873688,
105,9.849746,
106,9.598354,
107,10.27352,
108,9.416395,
109,9.519346,
110,8.626308,
111,11.88721,
112,9.437943,
113,8.978256,
114,9.138668,
115,10.55843,
116,9.931149,
117,10.07001,
118,9.186552,
119,10.0772,
120,9.119514,
121,9.945514,
122,10.25916,
123,9.346964,
124,9.773131,
125,14.4107,
126,13.80497,
127,-4.577713,
128,6.121974,
129,12.11227,
130,8.62152,
131,9.01417,
132,8.200141,
133,8.437167,
134,8.475474,
135,8.829816,
136,8.346188,
137,9.337387,
138,9.150639,
139,9.263166,
140,9.088389,
141,10.33816,
142,10.56082,
143,10.84334,
144,14.1641,
145,12.63181,
146,12.91672,
147,11.55681,
148,11.96862,
149,11.19529,
150,11.90397,
151,11.67652,
152,11.40119,
153,10.94629,
154,11.11628,
155,11.11867,
156,10.98939,
157,10.96066,
158,10.75715,
159,9.792285,
160,8.542512,
161,11.83693,
162,9.672575,
163,12.53604,
164,2.837129,
165,15.64132,
166,10.74039,
167,9.80665,
168,9.411607,
169,9.931149,
170,9.457097,
171,9.277532,
172,9.229648,
173,9.114726,
174,9.313444,
175,9.196129,
176,8.954314,
177,9.23683,
178,9.045294,
179,9.313444,
180,9.227253,
181,9.050082,
182,9.200917,
183,9.07163,
184,9.485827,
185,9.064447,
186,8.41083,
187,9.153033,
188,8.935161,
189,8.947132,
190,10.18493,
191,7.189788,
192,4.941632,
193,2.396596,
194,10.51773,
195,8.106767,
196,8.403648,
197,9.428367,
198,10.90798,
199,12.72039,
100,11.45625,
101,7.747637,
102,14.42985,
103,9.284714,
104,10.58955,
105,9.440337,
106,10.14423,
107,9.306262,
108,9.67018,
109,9.595961,
110,9.380483,
111,9.471462,
112,9.466674,
113,9.325416,
114,9.184157,
115,9.203311,
116,9.143456,
117,9.188946,
118,9.296685,
119,9.229648,
120,9.234436,
121,8.990228,
122,9.212888,
123,10.34056,
124,7.503428,
125,10.1993,
126,8.585608,
127,-10.18733,
128,0.9816227,
129,11.5616,
130,6.940791,
131,8.568848,
132,9.691729,
133,11.49696,
134,11.02291,
135,12.45464,
136,12.81616,
137,17.0946,
138,12.84489,
139,14.11382,
140,12.718,
141,12.44506,
142,11.26951,
143,11.74595,
144,11.08755,
145,11.15937,
146,10.71405,
147,9.818622,
148,15.74906,
149,6.607996,
150,10.07241,
151,8.094796,
152,9.73243,
153,10.04368,
154,8.566454,
155,10.35732,
156,9.313444,
157,9.344569,
158,9.41879,
159,9.323022,
160,9.346964,
161,9.356541,
162,9.476251,
163,9.342175,
164,9.301474,
165,9.215282,
166,9.030929,
167,9.102755,
168,9.160215,
169,8.717288,
170,9.49301,
171,9.763555,
172,9.277532,
173,11.99256,
174,11.81778,
175,5.707777,
176,8.532935,
177,7.850587,
178,9.232041,
179,8.329428,
180,8.853758,
181,9.524135,
182,9.370906,
183,10.08438,
184,11.05163,
185,12.04283,
186,19.6127,
187,12.98136,
188,12.76828,
189,12.22719,
190,11.82736,
191,11.25275,
192,11.2719,
193,11.03488,
194,11.03966,
195,10.99417,
196,11.22162,
197,10.84813,
198,10.12508,
199,9.607931,
100,9.28232,
101,9.186552,
102,9.421184,
103,9.057265,
104,9.105149,
105,9.277532,
106,9.346964,
107,10.01734,
108,9.665392,
109,2.111686,
110,8.018182,
111,8.475474,
112,9.469068,
113,8.327033,
114,10.49857,
115,9.679757,
116,10.36689,
117,11.53526,
118,12.09311,
119,12.1817,
120,12.69406,
121,10.42196,
122,12.40436,
123,12.2224,
124,11.76032,
125,11.5616,
126,11.59273,
127,11.32936,
128,11.30542,
129,11.33894,
130,10.05086,
131,10.41957,
132,13.35965,
133,7.781156,
134,15.57668,
135,13.21839,
136,6.586449,
137,9.825804,
138,8.257602,
139,9.229648,
140,9.306262,
141,9.653421,
142,9.263166,
143,9.3733,
144,9.244013,
145,9.514558,
146,9.677363,
147,9.44752,
148,9.540894,
149,9.370906,
150,9.289502,
151,9.512163,
152,9.210494,
153,9.445126,
154,9.44752,
155,7.575254,
156,9.181764,
157,9.696517,
158,10.90559,
159,11.04206,
160,7.129933,
161,6.694188,
162,7.872135,
163,6.888118,
164,7.314286,
165,7.742848,
166,13.84806,
167,11.82975,
168,13.02206,
169,18.86631,
170,19.6127,
171,12.11945,
172,12.69645,
173,11.57596,
174,11.44189,
175,11.18571,
176,11.00375,
177,11.30542,
178,10.97502,
179,10.87207,
180,9.576807,
181,14.32451,
182,12.77067,
183,9.11712,
184,4.022259,
185,7.682993,
186,14.24311,
187,8.221688,
188,10.68772,
189,9.303867,
190,9.442732,
191,9.466674,
192,9.404425,
193,9.639056,
194,9.555259,
195,9.61272,
196,9.435549,
197,9.414001,
198,9.334992,
199,9.325416,
100,12.37084,
101,12.54083,
102,12.80419,
103,10.4459,
104,13.52485,
105,10.9415,
106,11.97101,
107,11.22881,
108,11.33654,
109,11.30542,
110,11.29824,
111,11.21205,
112,10.88165,
113,5.499481,
114,8.130709,
115,9.967062,
116,8.836999,
117,7.271191,
118,14.39155,
119,8.475474,
120,10.67814,
121,9.351752,
122,9.495404,
123,9.888053,
124,9.615114,
125,9.457097,
126,9.634268,
127,9.543288,
128,9.574412,
129,9.466674,
130,9.344569,
131,9.263166,
132,9.433155,
133,9.457097,
134,9.291897,
135,9.097966,
136,9.296685,
137,9.378088,
138,9.919178,
139,9.557653,
140,9.607931,
141,15.47373,
142,10.65659,
143,6.368577,
144,10.62547,
145,7.108385,
146,9.203311,
147,8.686164,
148,9.380483,
149,11.58075,
150,12.39478,
151,10.85531,
152,13.38838,
153,12.9646,
154,12.51689,
155,12.05002,
156,11.59751,
157,11.51611,
158,11.17374,
159,10.82658,
160,10.97981,
161,10.6949,
162,10.4483,
163,11.44907,
164,10.3645,
165,9.591172,
166,10.76672,
167,9.727641,
168,11.89679,
169,14.18086,
170,7.149086,
171,10.93432,
172,9.837775,
173,10.07001,
174,9.41879,
175,9.43076,
176,9.258378,
177,9.442732,
178,9.150639,
179,9.165004,
180,9.11712,
181,9.198523,
182,9.193734,
183,9.160215,
184,9.416395,
185,10.02213,
186,9.054871,
187,9.397242,
188,9.131485,
189,14.08509,
190,12.77786,
191,-1.623269,
192,12.20085,
193,6.868965,
194,9.102755,
195,9.502586,
196,10.34295,
197,11.15698,
198,18.5383,
199,12.60547,
100,14.39155,
101,7.48188,
102,11.24078,
103,9.557653,
104,9.720459,
105,9.627085,
106,9.378088,
107,9.490616,
108,9.562442,
109,9.533711,
110,9.239224,
111,9.366117,
112,9.229648,
113,9.112331,
114,9.136273,
115,9.085996,
116,9.28232,
117,9.059659,
118,8.808268,
119,9.414001,
120,8.822633,
121,9.454702,
122,11.16177,
123,10.42914,
124,-0.1460463,
125,6.459556,
126,10.05086,
127,9.208099,
128,9.368511,
129,19.6127,
130,12.04523,
131,13.80018,
132,13.46978,
133,12.70124,
134,11.9351,
135,11.11628,
136,12.42112,
137,11.21683,
138,10.90798,
139,11.31021,
140,10.96784,
141,10.55125,
142,14.53041,
143,7.66384,
144,12.25592,
145,10.20888,
146,11.41795,
147,7.156269,
148,9.583989,
149,12.71321,
150,7.984663,
151,10.87925,
152,9.43076,
153,9.765948,
154,9.299079,
155,9.703699,
156,9.392453,
157,9.507375,
158,9.380483,
159,9.459491,
160,9.349358,
161,9.325416,
162,9.222465,
163,9.181764,
164,9.239224,
165,9.43076,
166,9.423578,
167,9.291897,
168,9.064447,
169,9.579201,
170,8.5473,
171,7.817069,
172,18.37071,
173,-3.454833,
174,5.71496,
175,10.25676,
176,10.95587,
177,10.93432,
178,10.31422,
179,12.42351,
180,12.81616,
181,12.56716,
182,12.66293,
183,8.59279,
184,11.47062,
185,11.00136,
186,11.11867,
187,10.86968,
188,10.69729,
189,11.11867,
190,10.76912,
191,11.66934,
192,12.9263,
193,8.130709,
194,14.51604,
195,8.145074,
196,11.27669,
197,7.335834,
198,11.66934,
199,14.08748,
100,9.294291,
101,9.919178,
102,8.722076,
103,9.691729,
104,9.303867,
105,12.46182,
106,-2.355895,
107,12.27747,
108,4.941632,
109,9.083601,
110,11.88003,
111,10.8577,
112,17.7554,
113,12.02608,
114,13.58231,
115,13.10586,
116,13.12023,
117,11.50174,
118,11.12107,
119,10.64462,
120,11.07558,
121,10.76672,
122,10.76912,
123,11.19529,
124,10.21606,
125,18.93814,
126,8.822633,
127,10.23282,
128,9.512163,
129,10.99417,
130,9.809045,
131,7.49864,
132,12.60068,
133,14.14494,
134,8.135497,
135,11.03009,
136,9.516952,
137,9.356541,
138,9.545682,
139,9.677363,
140,9.631873,
141,9.52174,
142,9.428367,
143,9.308656,
144,9.289502,
145,9.291897,
146,9.363723,
147,9.229648,
148,9.176975,
149,9.167398,
150,9.105149,
151,8.655039,
152,9.009381,
153,9.258378,
154,12.4307,
155,14.80335,
156,-12.44745,
157,15.80892,
158,8.348581,
159,9.188946,
160,9.107543,
161,9.76116,
162,11.21444,
163,10.87207,
164,12.73237,
165,12.88081,
166,12.40436,
167,12.23437,
168,11.71483,
169,11.22402,
170,11.0684,
171,11.08515,
172,10.82179,
173,11.13304,
174,10.8577,
175,9.828198,
176,11.45865,
177,9.981427,
178,10.05565,
179,10.6925,
180,6.708553,
181,12.11706,
182,11.57836,
183,8.805874,
184,10.32619,
185,9.871294,
186,9.82341,
187,9.411607,
188,9.883265,
189,9.399636,
190,9.595961,
191,9.457097,
192,9.301474,
193,9.390059,
194,9.179369,
195,9.270349,
196,9.3733,
197,9.339781,
198,9.25359,
199,9.291897,
100,11.9351,
101,11.66934,
102,11.33894,
103,11.0253,
104,10.89601,
105,10.90559,
106,10.92235,
107,10.59913,
108,11.28627,
109,10.00537,
110,9.004593,
111,11.94467,
112,9.548077,
113,10.47224,
114,8.224083,
115,12.67012,
116,13.73793,
117,8.3821,
118,11.79384,
119,9.217676,
120,9.023746,
121,9.674969,
122,9.598354,
123,9.548077,
124,9.404425,
125,9.354146,
126,9.193734,
127,9.212888,
128,9.258378,
129,9.315839,
130,9.411607,
131,9.416395,
132,9.368511,
133,9.239224,
134,9.543288,
135,9.32781,
136,9.387665,
137,10.43633,
138,15.09305,
139,15.58865,
140,-3.160346,
141,6.79235,
142,8.066066,
143,8.178593,
144,10.1586,
145,10.31662,
146,19.6127,
147,12.35887,
148,13.9965,
149,12.88799,
150,12.25113,
151,11.5209,
152,11.17374,
153,11.16177,
154,11.11149,
155,10.93911,
156,10.99896,
157,10.68053,
158,9.382876,
159,9.392453,
160,13.29979,
161,9.691729,
162,7.975086,
163,11.34133,
164,15.90229,
165,7.589619,
166,10.97981,
167,9.315839,
168,9.536105,
169,9.287108,
170,9.591172,
171,9.315839,
172,9.533711,
173,9.378088,
174,9.325416,
175,9.184157,
176,9.490616,
177,9.349358,
178,9.41879,
179,9.272743,
180,9.55047,
181,9.121908,
182,9.064447,
183,9.337387,
184,8.054094,
185,8.892065,
186,9.033323,
187,12.23437,
188,11.88003,
189,-3.622427,
190,8.274361,
191,10.46027,
192,10.22803,
193,13.29261,
194,11.30063,
195,12.76349,
196,12.51449,
197,13.63498,
198,12.62223,
199,12.22,
100,9.746795,
101,9.279925,
102,9.330204,
103,9.591172,
104,9.361329,
105,9.545682,
106,9.325416,
107,9.378088,
108,9.399636,
109,9.52174,
110,9.552865,
111,9.148245,
112,9.41879,
113,9.205706,
114,9.579201,
115,8.808268,
116,9.224859,
117,9.43076,
118,12.71321,
119,12.16973,
120,8.439561,
121,4.256891,
122,6.940791,
123,8.425196,
124,9.14585,
125,9.856929,
126,11.09234,
127,12.37802,
128,11.2312,
129,13.42429,
130,12.67969,
131,12.07875,
132,11.76032,
133,11.28866,
134,11.12586,
135,10.93911,
136,11.02291,
137,11.12825,
138,10.84334,
139,10.77151,
140,9.708488,
141,9.157822,
142,11.56399,
143,9.744401,
144,10.34535,
145,9.579201,
146,3.928885,
147,11.7699,
148,7.37893,
149,10.88404,
150,9.294291,
151,9.82341,
152,9.579201,
153,9.727641,
154,9.653421,
155,9.555259,
156,9.469068,
157,9.272743,
158,9.287108,
159,9.323022,
160,9.315839,
161,9.351752,
162,9.308656,
163,9.43076,
164,10.06044,
165,9.414001,
166,9.179369,
167,12.12184,
168,11.50174,
169,16.32127,
170,-1.460463,
171,8.082825,
172,8.956709,
173,9.442732,
174,11.17374,
175,10.49857,
176,11.63103,
177,16.41944,
178,11.26711,
179,12.52646,
180,12.03086,
181,11.6837,
182,11.4395,
183,11.22402,
184,10.96066,
185,10.94869,
186,10.75954,
187,11.2312,
188,11.25754,
189,10.37887,
190,9.308656,
191,11.12346,
192,9.923966,
193,10.65899,
194,9.428367,
195,5.2026,
196,10.70208,
197,10.34295,
198,10.85292,
199,9.770737,
100,9.605537,
101,9.524135,
102,12.02608,
103,10.70208,
104,11.14501,
105,-5.928043,
106,13.06995,
107,9.181764,
108,10.58955,
109,10.37168,
110,10.62786,
111,11.51372,
112,12.03565,
113,12.43548,
114,2.58095,
115,12.55041,
116,11.83454,
117,11.5209,
118,11.18092,
119,11.00615,
120,10.8601,
121,10.98939,
122,10.99178,
123,10.71166,
124,10.39562,
125,10.46506,
126,0.5889736,
127,7.575254,
128,10.53449,
129,10.58237,
130,9.720459,
131,6.560112,
132,11.49696,
133,8.566454,
134,9.143456,
135,9.684546,
136,9.928755,
137,9.502586,
138,9.799467,
139,9.715671,
140,9.610326,
141,9.56723,
142,9.409213,
143,9.466674,
144,9.471462,
145,9.516952,
146,9.603143,
147,9.557653,
148,9.572019,
149,9.378088,
150,9.562442,
151,9.32781,
152,9.435549,
153,9.607931,
154,9.698911,
155,9.653421,
156,12.57914,
157,4.982334,
158,0.3064578,
159,9.866506,
160,8.470686,
161,9.363723,
162,9.933543,
163,10.79785,
164,11.66695,
165,10.48182,
166,11.9758,
167,15.80892,
168,11.24796,
169,12.40197,
170,11.36049,
171,11.03966,
172,10.86728,
173,10.70687,
174,10.90559,
175,10.78349,
176,10.77391,
177,11.26951,
178,10.13466,
179,13.48654,
180,8.468291,
181,9.655815,
182,10.47224,
183,10.40041,
184,9.689334,
185,8.010999,
186,6.627151,
187,10.72842,
188,7.733272,
189,10.27352,
190,8.896853,
191,10.02452,
192,9.701305,
193,9.706094,
194,9.519346,
195,9.330204,
196,9.469068,
197,9.495404,
198,9.49301,
199,9.459491,
100,10.9008,
101,10.94869,
102,10.91517,
103,10.92235,
104,9.593566,
105,11.20965,
106,9.502586,
107,10.1562,
108,9.983821,
109,10.24718,
110,8.267179,
111,5.822699,
112,10.76433,
113,9.188946,
114,11.09712,
115,9.19134,
116,9.756371,
117,9.598354,
118,9.689334,
119,9.440337,
120,9.560047,
121,9.356541,
122,9.380483,
123,9.411607,
124,9.476251,
125,9.481039,
126,9.461885,
127,9.43076,
128,9.452309,
129,9.572019,
130,9.425972,
131,9.217676,
132,9.76116,
133,10.88883,
134,10.88165,
135,9.308656,
136,6.631939,
137,7.359776,
138,9.619903,
139,10.03889,
140,9.804255,
141,9.981427,
142,10.68772,
143,11.41795,
144,19.6127,
145,12.37802,
146,12.51928,
147,10.79306,
148,11.31979,
149,11.05642,
150,11.00854,
151,10.87686,
152,10.97263,
153,10.80024,
154,11.1091,
155,10.60392,
156,7.867347,
157,9.13388,
158,9.416395,
159,10.23282,
160,9.919178,
161,10.10114,
162,9.387665,
163,7.819463,
164,11.38443,
165,8.602366,
166,8.882488,
167,10.62786,
168,9.598354,
169,9.85214,
170,9.765948,
171,9.588778,
172,9.488221,
173,9.500193,
174,9.440337,
175,9.581595,
176,9.64145,
177,9.478644,
178,9.526528,
179,9.533711,
180,9.406818,
181,9.504981,
182,9.763555,
183,9.78989,
184,9.476251,
185,9.41879,
186,10.04368,
187,9.708488,
188,12.23437,
189,-0.6775591,
190,11.70765,
191,8.999804,
192,9.25359,
193,9.054871,
194,9.279925,
195,9.425972,
196,9.809045,
197,10.76194,
198,15.06671,
199,11.58315,
100,9.495404,
101,9.473856,
102,9.473856,
103,9.344569,
104,9.385271,
105,9.368511,
106,9.473856,
107,9.536105,
108,9.569624,
109,8.848969,
110,9.478644,
111,9.361329,
112,11.05403,
113,9.708488,
114,6.275203,
115,10.60392,
116,7.920019,
117,9.440337,
118,8.269572,
119,8.870518,
120,9.933543,
121,10.41478,
122,9.986216,
123,12.21522,
124,12.55041,
125,12.34211,
126,11.91594,
127,9.263166,
128,10.66138,
129,10.63983,
130,11.00375,
131,11.00136,
132,11.0253,
133,10.73321,
134,5.872977,
135,9.069236,
136,11.20486,
137,10.29028,
138,9.679757,
139,9.528923,
140,10.45548,
141,9.595961,
142,7.90326,
143,12.59829,
144,9.97185,
145,9.433155,
146,10.74278,
147,9.399636,
148,9.708488,
149,9.435549,
150,9.591172,
151,9.380483,
152,9.519346,
153,9.411607,
154,9.404425,
155,9.392453,
156,9.342175,
157,9.394848,
158,9.409213,
159,9.3733,
160,9.478644,
161,9.854534,
162,9.512163,
163,9.320627,
164,11.38922,
165,11.40598,
166,-0.260968,
167,7.544129,
168,9.289502,
169,9.112331,
170,10.13945,
171,10.3238,
172,9.287108,
173,12.25352,
174,13.16332,
175,12.77067,
176,12.96221,
177,12.20803,
178,11.53287,
179,10.62547,
180,10.78827,
181,10.67335,
182,10.82898,
183,10.88404,
184,10.75236,
185,10.817,
186,17.2598,
187,9.689334,
188,10.0772,
189,10.07001,
190,9.955091,
191,9.49301,
192,9.780313,
193,8.932767,
194,8.137892,
195,10.47463,
196,8.140285,
197,10.22564,
198,9.349358,
199,9.574412,
100,13.85285,
101,3.201048,
102,7.21373,
103,9.244013,
104,8.65025,
105,9.832987,
106,10.86489,
107,10.32619,
108,12.54801,
109,13.08431,
110,12.4714,
111,12.2224,
112,11.42753,
113,11.08755,
114,10.92235,
115,10.71405,
116,10.87207,
117,10.70448,
118,10.48421,
119,10.73799,
120,10.53449,
121,10.80982,
122,10.62307,
123,10.16817,
124,10.02692,
125,9.861717,
126,10.02452,
127,9.5385,
128,7.740454,
129,4.448427,
130,10.78109,
131,8.173804,
132,10.72124,
133,9.160215,
134,9.746795,
135,9.64145,
136,9.5385,
137,9.502586,
138,9.41879,
139,9.332599,
140,9.296685,
141,9.246407,
142,9.349358,
143,9.258378,
144,9.406818,
145,9.457097,
146,8.707711,
147,9.059659,
148,9.334992,
149,10.91038,
150,11.94707,
151,15.47133,
152,0.5267244,
153,8.025364,
154,9.679757,
155,9.157822,
156,10.49618,
157,19.6127,
158,9.742006,
159,11.8082,
160,12.95742,
161,12.17691,
162,14.52802,
163,11.95664,
164,10.80503,
165,10.90559,
166,10.42436,
167,10.66617,
168,10.69969,
169,11.00136,
170,10.77391,
171,10.6518,
172,11.03248,
173,14.78659,
174,7.491457,
175,7.939173,
176,13.11304,
177,8.995016,
178,10.0341,
179,10.06044,
180,8.212111,
181,9.181764,
182,12.22719,
183,9.421184,
184,9.239224,
185,10.46984,
186,9.500193,
187,9.526528,
188,9.552865,
189,9.5385,
190,9.346964,
191,9.188946,
192,9.272743,
193,9.260772,
194,9.339781,
195,9.32781,
196,9.471462,
197,9.200917,
198,9.351752,
199,10.18015,
100,10.72124,
101,10.49139,
102,10.76912,
103,10.3214,
104,18.23185,
105,9.32781,
106,10.15381,
107,10.56082,
108,9.342175,
109,9.284714,
110,10.38365,
111,9.583989,
112,8.073248,
113,8.034941,
114,10.3214,
115,11.87045,
116,10.35253,
117,9.234436,
118,9.449914,
119,9.394848,
120,9.488221,
121,9.212888,
122,9.349358,
123,9.050082,
124,9.246407,
125,9.131485,
126,9.275137,
127,9.232041,
128,9.054871,
129,8.729259,
130,9.720459,
131,12.33493,
132,10.46266,
133,-6.392519,
134,13.1729,
135,8.930372,
136,9.318233,
137,9.780313,
138,10.42436,
139,9.473856,
140,11.18811,
141,11.77708,
142,12.78264,
143,13.06516,
144,3.083732,
145,11.71962,
146,10.83855,
147,10.72363,
148,10.39802,
149,10.64223,
150,10.80743,
151,10.73081,
152,10.56801,
153,10.26634,
154,17.03235,
155,10.55843,
156,8.7125,
157,11.45625,
158,8.913613,
159,9.255983,
160,9.756371,
161,9.40203,
162,9.076419,
163,9.437943,
164,10.67814,
165,11.3964,
166,8.161834,
167,10.13466,
168,9.531317,
169,9.325416,
170,9.325416,
171,9.129091,
172,9.229648,
173,9.176975,
174,9.291897,
175,9.129091,
176,9.016563,
177,8.973468,
178,9.473856,
179,8.528147,
180,11.96862,
181,-9.734824,
182,13.0077,
183,9.224859,
184,9.112331,
185,10.30465,
186,9.449914,
187,11.1498,
188,11.73159,
189,12.61984,
190,12.07157,
191,14.20959,
192,9.105149,
193,11.66216,
194,11.066,
195,10.78827,
196,10.78109,
197,11.00136,
198,10.79785,
199,10.87925,
100,9.299079,
101,9.272743,
102,9.220071,
103,9.102755,
104,9.074024,
105,9.11712,
106,8.925584,
107,8.63828,
108,9.775525,
109,9.457097,
110,7.149086,
111,-2.691083,
112,11.73638,
113,8.319851,
114,9.095572,
115,10.49857,
116,10.9822,
117,11.78426,
118,12.45224,
119,12.59111,
120,12.19128,
121,11.91594,
122,6.531382,
123,11.30782,
124,10.61828,
125,10.92235,
126,10.64462,
127,10.96066,
128,10.82419,
129,10.65899,
130,10.58716,
131,9.902418,
132,8.135497,
133,9.883265,
134,9.725247,
135,10.06044,
136,8.901642,
137,10.11071,
138,9.849746,
139,8.348581,
140,9.31105,
141,11.17374,
142,10.68772,
143,9.054871,
144,9.689334,
145,9.768343,
146,9.572019,
147,9.674969,
148,9.564836,
149,9.41879,
150,9.315839,
151,9.248801,
152,9.131485,
153,9.095572,
154,9.198523,
155,9.215282,
156,9.054871,
157,9.5385,
158,9.459491,
159,9.662998,
160,4.726154,
161,1.106121,
162,9.785102,
163,9.308656,
164,10.0772,
165,10.83137,
166,11.8082,
167,12.47619,
168,11.26951,
169,10.31422,
170,12.12424,
171,11.38204,
172,11.3126,
173,11.06361,
174,10.99896,
175,10.76433,
176,10.8601,
177,10.93911,
178,10.88404,
179,11.08276,
180,10.34056,
181,2.528277,
182,8.884883,
183,9.564836,
184,10.47703,
185,9.694122,
186,9.689334,
187,8.190564,
188,11.99735,
189,8.015787,
190,8.755595,
191,9.691729,
192,9.591172,
193,9.718064,
194,9.749189,
195,9.710882,
196,9.449914,
197,9.466674,
198,9.28232,
199,9.330204,
100,12.02847,
101,12.54801,
102,13.24472,
103,12.46182,
104,11.78187,
105,11.11628,
106,11.01572,
107,11.08515,
108,10.95108,
109,10.74997,
110,10.9008,
111,10.78827,
112,10.10114,
113,-0.9552865,
114,9.409213,
115,11.29824,
116,9.40203,
117,10.01255,
118,7.797915,
119,7.824251,
120,10.96784,
121,8.327033,
122,11.1474,
123,9.193734,
124,9.598354,
125,9.516952,
126,9.576807,
127,9.701305,
128,9.526528,
129,9.437943,
130,9.330204,
131,9.258378,
132,9.234436,
133,9.323022,
134,9.277532,
135,9.32781,
136,9.097966,
137,8.913613,
138,9.397242,
139,14.28141,
140,9.533711,
141,-5.267244,
142,15.43542,
143,9.725247,
144,9.26556,
145,9.02614,
146,17.88229,
147,10.53209,
148,11.69567,
149,12.54083,
150,13.14896,
151,9.593566,
152,12.38999,
153,10.96544,
154,11.20486,
155,10.68772,
156,10.71166,
157,10.97741,
158,10.82419,
159,10.73799,
160,9.43076,
161,9.52174,
162,10.66138,
163,10.00776,
164,9.011775,
165,9.880871,
166,9.217676,
167,8.391677,
168,11.34852,
169,14.05396,
170,8.870518,
171,9.935937,
172,9.361329,
173,9.619903,
174,9.313444,
175,9.947908,
176,9.277532,
177,9.449914,
178,9.172187,
179,9.143456,
180,9.308656,
181,9.385271,
182,9.473856,
183,9.083601,
184,9.425972,
185,9.409213,
186,9.318233,
187,7.132327,
188,18.24142,
189,-8.147469,
190,10.49139,
191,8.899248,
192,9.167398,
193,10.63983,
194,8.927979,
195,11.3964,
196,12.01889,
197,12.9239,
198,11.98298,
199,12.74433,
100,9.507375,
101,10.37647,
102,8.980651,
103,9.722853,
104,9.466674,
105,9.466674,
106,9.397242,
107,9.392453,
108,9.289502,
109,9.344569,
110,9.433155,
111,9.387665,
112,9.272743,
113,9.454702,
114,9.0429,
115,9.461885,
116,9.28232,
117,8.927979,
118,17.86314,
119,-7.448361,
120,9.854534,
121,9.488221,
122,9.562442,
123,9.504981,
124,-4.958392,
125,10.26394,
126,11.54005,
127,12.28944,
128,13.2567,
129,12.89038,
130,12.21282,
131,11.14501,
132,10.98939,
133,10.76433,
134,10.84095,
135,11.08994,
136,10.82898,
137,10.49139,
138,10.24958,
139,14.72913,
140,7.951144,
141,14.80095,
142,8.695741,
143,10.16578,
144,7.539341,
145,8.032547,
146,11.07079,
147,7.601591,
148,10.25197,
149,10.39802,
150,10.23521,
151,9.68694,
152,9.366117,
153,9.524135,
154,9.500193,
155,9.370906,
156,9.215282,
157,9.346964,
158,9.291897,
159,9.497798,
160,9.526528,
161,9.102755,
162,8.983045,
163,9.56723,
164,9.215282,
165,9.332599,
166,2.047042,
167,19.42655,
168,-2.006341,
169,8.279149,
170,9.303867,
171,9.40203,
172,11.84412,
173,10.08198,
174,11.42034,
175,11.63103,
176,12.06678,
177,12.14579,
178,11.40119,
179,1.78368,
180,11.75792,
181,10.8194,
182,10.4483,
183,10.62547,
184,10.3238,
185,10.85292,
186,10.91756,
187,9.950302,
188,14.77222,
189,7.81228,
190,9.13388,
191,12.37084,
192,8.760384,
193,11.62624,
194,9.49301,
195,7.841011,
196,6.330269,
197,10.06522,
198,7.807492,
199,10.19212,
