timestamp_s,Aceleracion
0.0,-0.26320951446169116
0.01,0.9478195917081991
0.02,2.7571022172768664
0.03,3.708744940850737
0.04,4.502880571436287
0.05,6.513971747621322
0.06,7.1327352939868085
0.07,7.969489471588046
0.08,9.160201329959403
0.09,9.844219051802167
0.1,9.878294230929685
0.11,10.966935313304004
0.12,9.954877078153205
0.13,10.275394207540124
0.14,9.305770837891734
0.15,10.069913423590606
0.16,9.569260314753189
0.17,8.570472626020544
0.18,7.0492093426847475
0.19,6.462986660540835
0.2,6.649412589031148
0.21,4.424480413671544
0.22,4.393136627783092
0.23,3.0984523178177223
0.24,1.2597212800070035
0.25,-0.30483793509045987
0.26,-1.1578727633783918
0.27,-2.2298553015421554
0.28,-4.599363080232631
0.29,-4.611482501779985
0.3,-5.86981922949277
0.31,-7.3776151729079835
0.32,-8.034834402311159
0.33,-8.536793042007458
0.34,-9.192457571977952
0.35000000000000003,-9.407899458835164
0.36,-10.248094016192058
0.37,-9.821767768723005
0.38,-9.376161158584441
0.39,-10.041812833937337
0.4,-10.304107119713235
0.41000000000000003,-9.531393686625535
0.42,-8.213841113231544
0.43,-7.58339416991489
0.44,-7.081928102835337
0.45,-5.583471151448544
0.46,-4.644988478059999
0.47000000000000003,-3.204800509519264
0.48,-2.4504503081356273
0.49,-1.4272455731057274
0.5,0.05473230401684591
0.51,0.9516001144565404
0.52,3.357108790956296
0.53,3.2383498840470963
0.54,4.301854309079246
0.55,6.039690109745505
0.56,6.849249998833721
0.5700000000000001,7.233863508804723
0.58,8.924414114546115
0.59,8.906165793645176
0.6,8.337115285560706
0.61,10.318516570314959
0.62,10.761300912569908
0.63,9.539406003392104
0.64,9.022918830116078
0.65,9.811825451184458
0.66,9.80154674157571
0.67,8.592416244997406
0.68,8.048575685380564
0.6900000000000001,6.865639260635083
0.7000000000000001,4.826051741413673
0.71,4.8137567164763
0.72,3.39054000114899
0.73,1.4926702060880874
0.74,1.4936124389819392
0.75,-0.2959863371096028
0.76,-0.9177077297302707
0.77,-2.1339916614744783
0.78,-4.138877932561508
0.79,-4.580308376799504
0.8,-5.792132771782169
0.81,-6.573633638250282
0.8200000000000001,-7.792394265240513
0.8300000000000001,-8.263089079632143
0.84,-8.719259618090842
0.85,-10.139310310763094
0.86,-10.014676526386264
0.87,-8.908619811736875
0.88,-9.598416930845843
0.89,-9.498340285267236
0.9,-9.586930090462218
0.91,-8.295491303438286
0.92,-8.444432573430253
0.93,-7.22759296518515
0.9400000000000001,-7.19132427006179
0.9500000000000001,-6.191469665856776
0.96,-4.476029475514498
0.97,-4.0786671182466945
0.98,-3.5353451732590484
0.99,-2.171966541305023
1.0,-0.29353290253775294
1.01,1.9496882824080122
1.02,2.5530650965694215
1.03,2.721429658672892
1.04,5.238402603758255
1.05,5.016328333470577
1.06,6.711369085823267
1.07,8.293283334180089
1.08,8.243735922862466
1.09,9.040292469134087
1.1,9.383801802169193
1.11,9.957138305874668
1.12,10.872909096559535
1.1300000000000001,9.740707481319067
1.1400000000000001,9.997237826272059
1.1500000000000001,9.114823227952837
1.16,9.598998702233231
1.17,8.021470056788855
1.18,7.464830986023552
1.19,6.4719327558016975
1.2,6.20899378967778
1.21,4.46658190464232
1.22,3.4489686133078763
1.23,2.30104435749961
1.24,1.9347037827111673
1.25,0.9696508397068041
1.26,-1.2476761116101645
1.27,-2.9803200300251067
1.28,-3.3078119869798996
1.29,-4.441732617827564
1.3,-5.8856332954486295
1.31,-6.74720138646194
1.32,-8.126384572912393
1.33,-8.300232854657661
1.34,-9.788603261283972
1.35,-9.811884505727022
1.36,-9.918589166546568
1.37,-10.124348146062584
1.3800000000000001,-10.08706551953378
1.3900000000000001,-9.286982325460261
1.4000000000000001,-9.311634166794352
1.41,-9.365834870851675
1.42,-7.883732916954666
1.43,-7.627797023501966
1.44,-7.458270309176101
1.45,-5.76107264192177
1.46,-5.576356103591217
1.47,-3.5845362533708625
1.48,-2.5924093718537953
1.49,-0.6190941850647935
1.5,-0.16942785952497463
1.51,1.522083021689585
1.52,2.8919310903956683
1.53,3.7226937467916517
1.54,4.082731801000962
1.55,6.026693998234842
1.56,6.604961605690685
1.57,7.84143677355231
1.58,9.602125878305184
1.59,9.717241451458278
1.6,9.373905358908857
1.61,9.75286365664999
1.62,10.252133560565483
1.6300000000000001,9.278877623902344
1.6400000000000001,9.993233747619474
1.6500000000000001,9.091687915520948
1.6600000000000001,9.01275571006727
1.67,8.912226048118796
1.68,7.091111637079318
1.69,6.617366106002795
1.7,6.182997052545226
1.71,3.845911002091944
1.72,3.817337997288346
1.73,3.377663935501285
1.74,1.658102330351297
1.75,0.263963510399255
1.76,0.03998880608907296
1.77,-2.875135397515156
1.78,-3.5886872059938413
1.79,-4.35925830534666
1.8,-5.647584774661566
1.81,-6.161317442670574
1.82,-8.446114220288093
1.83,-9.44859216648651
1.84,-8.873417902135504
1.85,-9.474307354327651
1.86,-9.564162907784215
1.87,-10.511614666203975
1.8800000000000001,-9.458865952462842
1.8900000000000001,-9.890688798376749
1.9000000000000001,-9.538878709214819
1.9100000000000001,-8.817923223305053
1.92,-8.073760868307232
1.93,-7.852817217054559
1.94,-6.695441589089873
1.95,-5.29573627968938
1.96,-5.593309230631906
1.97,-3.5619207861051265
1.98,-1.9304985363306821
1.99,-1.4653579906808445
2.0,-1.0772222814274381
2.0100000000000002,0.6889520782714643
2.02,1.8067325178373466
2.0300000000000002,4.305683057284804
2.04,4.817476906395883
2.05,6.035095717108997
2.06,6.9195031881205775
2.07,7.6896474459768935
2.08,7.7257471003201905
2.09,8.770182605557162
2.1,9.661131331329509
2.11,10.042214496467254
2.12,10.09362455982242
2.13,10.550540576138077
2.14,9.626400168894495
2.15,10.398200299159235
2.16,8.808065385722879
2.17,8.329237767021217
2.18,7.2024046249882065
2.19,7.442698716688876
2.2,6.468507223377088
2.21,5.101584930157776
2.22,4.82635599263594
2.23,2.5698367041034786
2.24,1.3011897227026845
2.25,-0.650935016112482
2.2600000000000002,-1.2649467716198357
2.27,-2.373126575281503
2.2800000000000002,-2.378992846904456
2.29,-4.8916514304740035
2.3000000000000003,-6.836279166346533
2.31,-7.377083480131332
2.32,-8.060972373058846
2.33,-8.3682249773938
2.34,-8.762988717356329
2.35,-8.959311492418367
2.36,-10.039804919457124
2.37,-9.296987532897148
2.38,-11.560508655005966
2.39,-9.253425838841586
2.4,-9.784547637659832
2.41,-8.848948033192645
2.42,-8.381299383225358
2.43,-7.752532831928475
2.44,-6.4610920923580215
2.45,-6.2377954624187275
2.46,-4.848120231216484
2.47,-3.7527493890688546
2.48,-2.6612803794067927
2.49,-2.0000138116334822
2.5,0.2618911663397274
2.5100000000000002,1.2122686956440487
2.52,2.402416900601578
2.5300000000000002,2.909655274967208
2.54,4.90423045377742
2.5500000000000003,5.531624045406362
2.56,6.36771673615679
2.57,6.768064538079887
2.58,8.161051408075476
2.59,10.040175442701742
2.6,9.096193253275716
2.61,10.143627388423974
2.62,9.938272687294436
2.63,9.37186445663571
2.64,10.179425969828433
2.65,9.1635870840423
2.66,7.9398828540797535
2.67,8.344684753996262
2.68,7.907647757562341
2.69,6.3197301593867685
2.7,5.1997134065548645
2.71,4.824755120709186
2.72,2.632005878379074
2.73,2.187752632497409
2.74,2.1685878143681903
2.75,1.0338721098212882
2.7600000000000002,-0.5501282083494013
2.77,-2.1179113861123566
2.7800000000000002,-3.317290358097331
2.79,-4.825913642626071
2.8000000000000003,-5.741667042112652
2.81,-6.999165220797588
2.82,-6.661106834176689
2.83,-8.85914260351016
2.84,-8.962738202324184
2.85,-9.440037624470433
2.86,-10.17159766358296
2.87,-10.464496115360063
2.88,-8.59720744596328
2.89,-9.57634623310224
2.9,-9.475123948368052
2.91,-9.336957144868538
2.92,-8.476122757471432
2.93,-7.862533281539333
2.94,-7.182785972742819
2.95,-6.127298167222099
2.96,-5.37927437721066
2.97,-3.603033660947741
2.98,-2.1859127664861093
2.99,-0.3685793597657522
3.0,-0.29049863256323727
3.0100000000000002,0.4133984251456523
3.02,2.022393590446187
3.0300000000000002,3.961384248802147
3.04,5.153646510101869
3.0500000000000003,6.559934347153823
3.06,6.322209721042844
3.0700000000000003,7.981547541466724
3.08,8.792231453648649
3.09,9.798211775486383
3.1,9.382463108105258
3.11,9.450474190039085
3.12,8.954148703099584
3.13,9.78937553698953
3.14,9.62156360633088
3.15,8.325898175687113
3.16,8.225092839759323
3.17,9.22345445298798
3.18,7.518502907175854
3.19,6.440087678868987
3.2,6.271387472659393
3.21,4.883073057986073
3.22,3.6476040761282924
3.23,2.249560867691009
3.24,1.3913437444552605
3.25,0.32889058993420656
3.2600000000000002,-1.0306998944627546
3.27,-2.521534747992889
3.2800000000000002,-3.9316158404866464
3.29,-3.93875977955505
3.3000000000000003,-5.392217852634089
3.31,-6.503218663666583
3.3200000000000003,-7.710798613871349
3.33,-8.667183597718616
3.34,-8.313315775553983
3.35,-9.140499738795395
3.36,-9.604588594712414
3.37,-9.280645620538762
3.38,-10.508794002556154
3.39,-10.265962810289958
3.4,-9.345434949298868
3.41,-7.562881024793935
3.42,-8.522861764178003
3.43,-7.798565948335
3.44,-6.822022160504748
3.45,-5.728646094281805
3.46,-4.753486230204178
3.47,-4.023318197838942
3.48,-1.7182649330052069
3.49,-1.8524985088705508
3.5,-0.6006670002208949
3.5100000000000002,1.9924370592068565
3.52,2.3873829163148512
3.5300000000000002,3.9665623738619944
3.54,4.879392252902672
3.5500000000000003,5.949122701020765
3.56,5.917525347797403
3.5700000000000003,8.514945056743443
3.58,8.139220056842737
3.59,8.829586377596224
3.6,8.891710007834176
3.61,10.147554105187815
3.62,9.693977570800781
3.63,10.717208527269307
3.64,9.817876496718158
3.65,8.716607599528926
3.66,9.770932425943116
3.67,8.496736001936808
3.68,7.8712965005367
3.69,7.532584657901628
3.7,5.371000343479837
3.71,4.325247801997435
3.72,3.7881229703790327
3.73,2.5953606276674672
3.74,1.0320134891777175
3.75,-0.004999481465791044
3.7600000000000002,-0.884973190249886
3.77,-2.6611971157907925
3.7800000000000002,-3.9226331868844913
3.79,-4.83407316178938
3.8000000000000003,-5.8555298950185
3.81,-7.263249883269285
3.8200000000000003,-7.1993222899698
3.83,-8.108560268366395
3.84,-8.862525189337694
3.85,-9.401467039958698
3.86,-10.276447917867682
3.87,-10.60565804926636
3.88,-9.763025997349677
3.89,-10.425747734644858
3.9,-10.126749220461312
3.91,-8.706855359163528
3.92,-8.103547739761066
3.93,-7.622016156755636
3.94,-6.004588921293107
3.95,-6.2551240502984005
3.96,-4.9464745658908145
3.97,-4.315938448194428
3.98,-1.9840101480633907
3.99,-1.0935016718672501
4.0,0.7900944719375722
4.01,1.7550104933356012
4.0200000000000005,2.4234189102981607
4.03,4.348017588396884
4.04,4.381724668792799
4.05,6.157806311228001
4.0600000000000005,6.478093840124839
4.07,8.04982338070328
4.08,8.531102677219831
4.09,8.5118772931799
4.1,9.906080733074882
4.11,10.627970951031003
4.12,10.31730427937176
4.13,10.534600428458281
4.14,9.776789813433185
4.15,9.147208663594519
4.16,9.4582618087935
4.17,8.751346220029399
4.18,7.331356824433222
4.19,7.253177878541598
4.2,5.731808098829308
4.21,5.199273697839336
4.22,3.501426933379408
4.23,2.8790001944521184
4.24,1.8733399365604022
4.25,-0.20135983448035247
4.26,-0.2380487956078381
4.2700000000000005,-2.793849502782814
4.28,-2.590672665196638
4.29,-4.9830985712186076
4.3,-6.025196024738855
4.3100000000000005,-6.637019829476845
4.32,-7.9114345657262035
4.33,-7.941314531803184
4.34,-9.514071836707945
4.3500000000000005,-9.808919762831803
4.36,-9.489015489693516
4.37,-9.267980597794942
4.38,-9.960729721153458
4.39,-9.523460091205157
4.4,-10.216285115474301
4.41,-8.987907865767884
4.42,-8.07952296526355
4.43,-7.429100250277822
4.44,-6.464192192300621
4.45,-5.877076526431977
4.46,-4.262072057951239
4.47,-3.823644322855192
4.48,-3.126326384278073
4.49,-0.6402547441733649
4.5,-0.5925207671938668
4.51,0.676316143397966
4.5200000000000005,1.4640791176809502
4.53,3.5854176421935695
4.54,4.1449052866227785
4.55,5.98265263563329
4.5600000000000005,6.890604663215989
4.57,6.638201403616759
4.58,8.072188818505637
4.59,9.467928269807663
4.6000000000000005,9.412619039834897
4.61,10.061523503648017
4.62,9.981059971479324
4.63,10.999855118760967
4.64,9.354585572012555
4.65,9.710172518197483
4.66,8.587034260217921
4.67,8.90193746273057
4.68,8.426065238165585
4.69,7.520069813637863
4.7,5.908275414566527
4.71,5.054551659802751
4.72,3.950926045516527
4.73,2.592158190564679
4.74,0.7448890569911832
4.75,0.37112296920994403
4.76,-1.4925786861676709
4.7700000000000005,-2.4161521172832003
4.78,-4.465318368581632
4.79,-5.19389832796774
4.8,-6.342988375746811
4.8100000000000005,-7.188472618661645
4.82,-7.179714745216051
4.83,-9.027065336670333
4.84,-8.473892608522977
4.8500000000000005,-9.435952260877029
4.86,-10.045878768609777
4.87,-10.279166925082427
4.88,-9.976317836489784
4.89,-10.044399674505385
4.9,-9.512510741338161
4.91,-9.433476973205359
4.92,-8.979083839200364
4.93,-7.678393438593606
4.94,-6.34094251311389
4.95,-5.131081742574631
4.96,-4.7847169089585195
4.97,-4.483607967169659
4.98,-2.6525491105747143
4.99,-1.9141882352162278
5.0,0.09017253734403197
5.01,0.6448272745842918
5.0200000000000005,2.1079013088463756
5.03,3.777336235054995
5.04,4.570122173299857
5.05,5.775586490246322
5.0600000000000005,6.075985564886238
5.07,7.568188808355249
5.08,8.420583833872005
5.09,8.910629441661973
5.1000000000000005,9.446171446006787
5.11,10.102840660194955
5.12,10.925621389098932
5.13,10.787371362941848
5.14,10.327564139975514
5.15,9.584499523259412
5.16,9.53010201243325
5.17,8.772465776297928
5.18,7.048366905162611
5.19,6.529698021793234
5.2,5.489686327189532
5.21,3.9841912066497174
5.22,4.084794364397257
5.23,2.3528728206985923
5.24,1.1626599691271209
5.25,-0.15026247250690203
5.26,-1.2362055597994812
5.2700000000000005,-2.1020738208138767
5.28,-3.0514966977177043
5.29,-5.5559644788333955
5.3,-5.777525897439641
5.3100000000000005,-6.5957171478327865
5.32,-7.7584434561959705
5.33,-8.744300350550384
5.34,-8.938132927797374
5.3500000000000005,-9.853559242595745
5.36,-9.915851331200022
5.37,-9.577560348028841
5.38,-10.440150088905295
5.39,-9.342507745182848
5.4,-10.060543099571394
5.41,-9.841259786691067
5.42,-8.191687472851468
5.43,-7.65403318669065
5.44,-6.4082180266526745
5.45,-5.997164110972237
5.46,-5.753852669409427
5.47,-4.401249883012345
5.48,-2.851202308364092
5.49,-0.7551216214987195
5.5,0.19962431839356976
5.51,0.7984903969819585
5.5200000000000005,2.0142866137884616
5.53,3.46889261942286
5.54,5.989221930413544
5.55,6.3628778274765425
5.5600000000000005,7.645697349442887
5.57,8.103459561114274
5.58,8.310534385690493
5.59,8.503383322735873
5.6000000000000005,9.758941042689232
5.61,10.456986231742164
5.62,11.211126536087821
5.63,9.828111354619983
5.64,9.446281196104628
5.65,9.042657629212563
5.66,8.1923531623413
5.67,8.314494885479014
5.68,7.637082324212694
5.69,6.302186461654607
5.7,6.329335521656289
5.71,5.120474401388996
5.72,3.5892805759143136
5.73,1.9789369455064139
5.74,0.9541657992714847
5.75,-0.07145255668353745
5.76,-1.6718404684335104
5.7700000000000005,-1.8287876486660066
5.78,-3.254233765324698
5.79,-3.8930516280856966
5.8,-6.42388595972999
5.8100000000000005,-6.976267502989243
5.82,-7.7202655412367305
5.83,-7.658804107625047
5.84,-8.436377061355357
5.8500000000000005,-9.824268714648715
5.86,-9.807168054652058
5.87,-9.824186500995372
5.88,-9.690975901174072
5.89,-9.257359209828648
5.9,-10.397531094137925
5.91,-8.504997867633218
5.92,-8.368243718791996
5.93,-7.7729889511169405
5.94,-6.872399539266899
5.95,-5.998126101509909
5.96,-5.3588034610427036
5.97,-3.918929937406516
5.98,-2.7454715333782604
5.99,-0.760238164469225
6.0,0.7206307605392761
6.01,1.8816601285007268
6.0200000000000005,2.185204714934291
6.03,2.9347250018349222
6.04,4.857668967971517
6.05,5.563286005017836
6.0600000000000005,6.982388895950263
6.07,7.81688014512891
6.08,8.181298680226032
6.09,8.185139564520664
6.1000000000000005,10.54991065741086
6.11,10.401977838186125
6.12,9.76218109679121
6.13,9.158851036590926
6.140000000000001,10.637132215866993
6.15,9.753706017589533
6.16,9.102177766600827
6.17,7.882261645285381
6.18,8.098200751636405
6.19,6.782683125165017
6.2,5.966342159262619
6.21,5.083262101247481
6.22,4.1648031683963
6.23,2.3859028067598307
6.24,1.2040005511849914
6.25,-0.6709835869878961
6.26,-0.999518509091027
6.2700000000000005,-3.17252541714673
6.28,-3.6971274745431777
6.29,-4.634173294367425
6.3,-5.774309366395898
6.3100000000000005,-6.460252265280885
6.32,-8.84850469728865
6.33,-8.659928599994066
6.34,-8.701751655397509
6.3500000000000005,-9.613941292020865
6.36,-10.06901100958626
6.37,-10.419402563259293
6.38,-10.77409091060024
6.390000000000001,-9.52660548954455
6.4,-9.48030280925928
6.41,-8.799766408416076
6.42,-9.225171190135772
6.43,-7.452930668484731
6.44,-6.900141686851598
6.45,-5.758667180448455
6.46,-3.746723073728593
6.47,-3.436749733002902
6.48,-2.825675203536041
6.49,-1.5418656930175352
6.5,-0.2410148049318866
6.51,1.7106155471433344
6.5200000000000005,2.4530766515761564
6.53,4.417981426479765
6.54,4.89219817894919
6.55,6.367128006104189
6.5600000000000005,6.596322112375066
6.57,6.778101813356088
6.58,7.743231113867257
6.59,9.084383280281765
6.6000000000000005,9.473795377312282
6.61,9.62579490909173
6.62,10.042377220049163
6.63,10.416701277530297
6.640000000000001,10.152187211363332
6.65,9.894810453539927
6.66,9.35844443178801
6.67,8.454086198489078
6.68,8.18144298976865
6.69,6.620902571713664
6.7,5.70605893258169
6.71,5.470594050534428
6.72,3.834323680479407
6.73,3.1298472914957367
6.74,1.5130706864782937
6.75,0.005530061436788868
6.76,-1.3322419937148833
6.7700000000000005,-2.233000624043455
6.78,-4.378030457892984
6.79,-5.316240079701055
6.8,-5.742120219834519
6.8100000000000005,-6.594292363464598
6.82,-7.453100140022467
6.83,-8.279799312199845
6.84,-7.7841528573949175
6.8500000000000005,-8.99330206231119
6.86,-9.801699005026975
6.87,-9.268014636823077
6.88,-10.83519255882801
6.890000000000001,-9.8753035835023
6.9,-9.133293353758528
6.91,-9.171836050387752
6.92,-8.583900298729672
6.93,-7.826984417842458
6.94,-6.609016418823339
6.95,-5.775718239545672
6.96,-4.937828024680393
6.97,-4.852209051040501
6.98,-1.7639392786459744
6.99,-1.520967463880706
7.0,0.4548547867167089
7.01,1.6864332918255034
7.0200000000000005,2.067612945897102
7.03,3.7700877862523434
7.04,4.341861861239092
7.05,5.861881874534202
7.0600000000000005,6.5747457329020165
7.07,9.057262828543383
7.08,8.838956092526466
7.09,8.760634300045147
7.1000000000000005,9.39526492969697
7.11,10.824054351467977
7.12,9.692265599922083
7.13,10.153519754474878
7.140000000000001,9.873734669384726
7.15,10.029452721089285
7.16,8.96597995402961
7.17,8.631578282415662
7.18,7.565406667381775
7.19,6.990566412069733
7.2,6.146679640144477
7.21,4.154817307284686
7.22,3.3024539977684713
7.23,3.040093967701141
7.24,1.1011898570443832
7.25,-0.22975261206381736
7.26,-1.516989478859549
7.2700000000000005,-2.537033488672808
7.28,-3.867050577039903
7.29,-5.252659850176552
7.3,-5.315818956240314
7.3100000000000005,-7.747518910836863
7.32,-7.564499623073353
7.33,-8.128527598640177
7.34,-8.97129501775154
7.3500000000000005,-8.698094246586036
7.36,-9.770939302194348
7.37,-9.482199866395542
7.38,-9.566967067040236
7.390000000000001,-9.235916325304965
7.4,-9.184477241131635
7.41,-9.066417841436085
7.42,-8.562522219213122
7.43,-7.848665821993602
7.44,-7.241535749631894
7.45,-6.361658514697753
7.46,-5.097014434734643
7.47,-4.620771589622536
7.48,-3.3825265173140497
7.49,-1.2255199299489636
7.5,-0.31377978535950835
7.51,1.2676793430816402
7.5200000000000005,2.7770872795006993
7.53,4.279645844752811
7.54,4.886038608410632
7.55,5.522995507395953
7.5600000000000005,6.165367867336087
7.57,8.166412170376109
7.58,8.147652234797983
7.59,8.730275829764992
7.6000000000000005,9.033488790034955
7.61,10.096708357356963
7.62,10.169363122826338
7.63,9.64235448208621
7.640000000000001,10.828784072933274
7.65,9.506974300120563
7.66,9.275498481292965
7.67,8.192138599851948
7.68,7.422115275662923
7.69,6.606192256274956
7.7,6.124803690749096
7.71,4.776139674069808
7.72,3.7288179157989365
7.73,2.2244168319833615
7.74,1.5868062208924123
7.75,0.8074907085634352
7.76,-0.900124979513635
7.7700000000000005,-2.45950035142478
7.78,-3.932706553054544
7.79,-4.642938881422568
7.8,-6.363240600348015
7.8100000000000005,-6.37281645373696
7.82,-6.896143352339553
7.83,-8.40606136664532
7.84,-8.660781530839543
7.8500000000000005,-9.259406966533335
7.86,-9.02361087034508
7.87,-10.58643150290015
7.88,-9.895578779683376
7.890000000000001,-9.96867298466311
7.9,-9.00188025212803
7.91,-8.39529947074693
7.92,-8.791646861189928
7.930000000000001,-7.943302690689383
7.94,-6.656309296502376
7.95,-5.295560324930196
7.96,-4.845662162883793
7.97,-4.120419559599301
7.98,-1.8569238880177834
7.99,-1.6937199128642542
8.0,0.4155402504568854
8.01,1.552189948606164
8.02,2.7524736993111207
8.03,3.806763892420297
8.040000000000001,4.277295622980202
8.05,5.839648668493028
8.06,5.837685382114816
8.07,8.098632266359873
8.08,8.121897344354498
8.09,8.688743547625748
8.1,9.64946353602224
8.11,10.553977627958098
8.120000000000001,10.012089189662914
8.13,9.234448145081686
8.14,8.459497821774042
8.15,9.976441319755766
8.16,8.675974865363505
8.17,7.3281927363614505
8.18,8.035486281122663
8.19,6.890214196316696
8.2,5.813045782689812
8.21,4.654457820768116
8.22,3.3665006005671003
8.23,2.419714296395727
8.24,2.4950895649723357
8.25,1.2612545837286049
8.26,-0.8980952847787194
8.27,-2.8535803511953226
8.28,-3.213961538683998
8.290000000000001,-5.327072212421399
8.3,-5.436703954024732
8.31,-6.185291202792672
8.32,-8.575261152037124
8.33,-8.132887164042298
8.34,-8.838375002942728
8.35,-9.706806610615978
8.36,-9.695937723295554
8.370000000000001,-9.391737195503659
8.38,-11.418706271894308
8.39,-9.874455951959174
8.4,-9.822529683330302
8.41,-9.127575238971437
8.42,-8.915633117918805
8.43,-7.5307850429877545
8.44,-7.057207974943254
8.45,-6.442344912187064
8.46,-6.014273500847654
8.47,-2.7908146593554033
8.48,-2.3124626198648603
8.49,-1.5296018641053388
8.5,-0.7689689297020407
8.51,0.5305500287963419
8.52,2.4024180888686977
8.53,3.5788848593839417
8.540000000000001,4.812776964686358
8.55,6.420539239515954
8.56,6.2427059385146935
8.57,7.5455867759599675
8.58,8.50396747109841
8.59,8.696173120309403
8.6,9.699658829565685
8.61,9.545644684325985
8.620000000000001,9.24423287215839
8.63,10.097559448997949
8.64,9.690590710744113
8.65,9.080962578566991
8.66,9.712762046327066
8.67,7.8694533827411295
8.68,7.929354549995255
8.69,6.73318460808081
8.700000000000001,5.5814389988273545
8.71,5.019606490130026
8.72,3.2288414387340123
8.73,1.8058680899838846
8.74,1.0542689670389835
8.75,-0.5856682469938455
8.76,-2.0222942310295555
8.77,-3.1531292171176624
8.78,-3.6490295673892295
8.790000000000001,-4.902833944127933
8.8,-6.199692771415783
8.81,-6.9794840362235195
8.82,-7.741074471770341
8.83,-8.392330269403281
8.84,-8.632633662585587
8.85,-9.789824030519192
8.86,-9.885242282496762
8.870000000000001,-9.580711061815885
8.88,-9.57503530258263
8.89,-10.448905228831688
8.9,-9.71549624410221
8.91,-9.352788222252016
8.92,-8.391091953318837
8.93,-8.367729985893224
8.94,-6.519398856144436
8.950000000000001,-6.302786188601536
8.96,-4.6368248279397974
8.97,-3.2315873052910953
8.98,-2.441012105797748
8.99,-1.1832157638222738
9.0,0.7207938414445071
9.01,1.7922245997694801
9.02,1.8011768678547528
9.03,2.3389198794573556
9.040000000000001,4.468655652089186
9.05,6.075515971564351
9.06,7.205558577562998
9.07,7.389724453908353
9.08,8.813584414115978
9.09,9.298155532880992
9.1,9.307761090984428
9.11,10.465913156251021
9.120000000000001,10.07953475159849
9.13,9.944072176192366
9.14,9.446989208082696
9.15,9.801694547790987
9.16,9.574828136197876
9.17,7.700264450802676
9.18,7.572205775613616
9.19,6.340846941113513
9.200000000000001,5.507037738911571
9.21,4.620097184672414
9.22,3.7709040604024633
9.23,3.3711419548233645
9.24,1.3643434735422035
9.25,-0.16303056776082267
9.26,-0.944447475385618
9.27,-2.4948849025394595
9.28,-3.9303924578970246
9.290000000000001,-5.021644975398901
9.3,-5.186315161681168
9.31,-6.741853325160954
9.32,-7.878353633441916
9.33,-8.628149286585849
9.34,-10.066415049387075
9.35,-8.85890738650258
9.36,-9.568839220935585
9.370000000000001,-10.400970499142117
9.38,-9.555869422032865
9.39,-10.05580644316449
9.4,-10.02970133462023
9.41,-8.942991252896233
9.42,-8.129132652396288
9.43,-7.067215037584277
9.44,-6.9510036859241255
9.450000000000001,-6.0980070890602045
9.46,-4.797495527194489
9.47,-3.1657812612935796
9.48,-3.4947524831653816
9.49,-1.2531567153807845
9.5,0.9501830598846448
9.51,0.6130453933116858
9.52,2.0559621987878334
9.53,4.901223733631646
9.540000000000001,4.480133691025309
9.55,5.92085452759358
9.56,7.589577047739838
9.57,8.577298349721842
9.58,8.701562749479828
9.59,8.673364822165675
9.6,9.09688959112743
9.61,9.334756222427494
9.620000000000001,10.360927798594767
9.63,10.26147954301624
9.64,9.565704308469114
9.65,9.691553396006988
9.66,9.086778158745549
9.67,8.167546889249065
9.68,8.268473153141331
9.69,7.130611364808564
9.700000000000001,6.450261170947027
9.71,4.721853040933995
9.72,3.2772624116131186
9.73,2.196856938253608
9.74,1.3139432195371803
9.75,-0.1133290507759195
9.76,-0.6702788169194752
9.77,-2.268354707095796
9.78,-3.71152455883824
9.790000000000001,-4.611465265074105
9.8,-5.714810115070141
9.81,-7.835263490940403
9.82,-8.577465510744686
9.83,-8.737051171789961
9.84,-9.367185339606445
9.85,-10.316838487434461
9.86,-10.167246934664554
9.870000000000001,-9.761821849790104
9.88,-9.6416138083815
9.89,-10.056736895479192
9.9,-9.52521945905484
9.91,-8.678452216523857
9.92,-9.08620019972587
9.93,-8.267271864215003
9.94,-6.611436466206185
9.950000000000001,-5.855669530439748
9.96,-4.798459788576915
9.97,-3.501196591897547
9.98,-1.9344634312956566
9.99,-1.139317538361653
10.0,0.030162759801967913
10.01,1.8299969728198238
10.02,2.327776776816614
10.03,2.9649814749664976
10.040000000000001,5.495925629356565
10.05,5.638713020441693
10.06,6.965263202288205
10.07,7.303942996060631
10.08,8.057842589671347
10.09,8.980721294385647
10.1,9.357123737603741
10.11,10.445090771307367
10.120000000000001,10.178720921004196
10.13,9.628110661129073
10.14,11.332233198782566
10.15,8.904562068622287
10.16,9.371057179565803
10.17,8.647595924077198
10.18,7.413244051760395
10.19,6.369742218862203
10.200000000000001,6.5083744070656255
10.21,4.34800374940464
10.22,3.818300092454723
10.23,2.4964133844502223
10.24,1.27510846010638
10.25,-0.323577059901222
10.26,-0.959923308341506
10.27,-2.435634272716873
10.28,-4.653766406003394
10.290000000000001,-5.354341206035477
10.3,-5.743507459204498
10.31,-7.243014154501694
10.32,-7.678994909712186
10.33,-8.056630840549424
10.34,-8.577999105699803
10.35,-9.670661147799311
10.36,-10.295675069312656
10.370000000000001,-10.39573977797963
10.38,-10.061746357381134
10.39,-10.04968806283545
10.4,-9.27209340585984
10.41,-9.603040456202907
10.42,-9.292500769144594
10.43,-7.687212111953087
10.44,-6.9507243289531955
10.450000000000001,-5.988670282147732
10.46,-3.825244321992975
10.47,-4.024384593754013
10.48,-2.5892339249089495
10.49,-0.6811284644758865
10.5,0.24674013569133432
10.51,1.150998398182229
10.52,2.460313415247492
10.53,4.113503096419908
10.540000000000001,4.96604023560448
10.55,5.820082666339417
10.56,7.002518886900734
10.57,7.916973567277788
10.58,8.70315017922266
10.59,8.782033854351749
10.6,9.685533809322814
10.61,9.25846368799845
10.620000000000001,10.445020265473723
10.63,9.851560034643773
10.64,9.190394695258922
10.65,9.366333596820342
10.66,9.840815197748393
10.67,8.650627022665415
10.68,7.206038760786112
10.69,7.420377193486624
10.700000000000001,6.377659031186067
10.71,4.788904157635993
10.72,3.5305124244468513
10.73,3.3642414689217515
10.74,1.0854665259151028
10.75,-0.05923805275640375
10.76,-0.9051024384188187
10.77,-2.4855470764912284
10.78,-3.274602393210273
10.790000000000001,-5.324523490745354
10.8,-5.115723709285513
10.81,-6.690819937502259
10.82,-8.101108365227445
10.83,-7.848775354739029
10.84,-9.100626209321502
10.85,-9.120930441293913
10.86,-9.920260601199562
10.870000000000001,-9.807863740337705
10.88,-9.628678727253444
10.89,-9.739094279650685
10.9,-9.981786127887364
10.91,-9.6998380878102
10.92,-8.359708131343709
10.93,-7.559548616737343
10.94,-6.657501631946045
10.950000000000001,-5.222227360154457
10.96,-4.982184366989845
10.97,-4.609881254245553
10.98,-2.2412780138832082
10.99,-2.129003303465205
11.0,-0.6177545947108514
11.01,0.8477901865869408
11.02,2.526305423853435
11.03,4.354618687099961
11.040000000000001,3.93230245487236
11.05,6.096927447420465
11.06,6.051840087682965
11.07,7.784946006298103
11.08,9.374041486137667
11.09,9.174377922035529
11.1,9.019965098430353
11.11,9.966613883440225
11.120000000000001,10.034548634697499
11.13,9.781296647020843
11.14,10.275233783557598
11.15,9.278045839890039
11.16,9.153708930092629
11.17,8.498429390501887
11.18,8.506490244258202
11.19,7.030458001226325
11.200000000000001,6.0063334842728295
11.21,4.19623577457147
11.22,2.8320351068821377
11.23,3.67044644528964
11.24,0.832151650001824
11.25,-0.02867304749967093
11.26,-0.7086117191121767
11.27,-2.3168407226401198
11.28,-3.9754427249453776
11.290000000000001,-5.472685090270311
11.3,-6.226732804078472
11.31,-6.801472706966238
11.32,-7.769593319302924
11.33,-8.366624959251988
11.34,-8.97654279687556
11.35,-9.68409741271837
11.36,-9.896273504376875
11.370000000000001,-9.75287300877548
11.38,-9.680077541227343
11.39,-9.512875164146328
11.4,-8.823771604861298
11.41,-9.910666367685453
11.42,-8.941952083653174
11.43,-7.128875393521027
11.44,-7.567883977295483
11.450000000000001,-5.668909001088789
11.46,-4.966853355292106
11.47,-3.2982085248776065
11.48,-2.0018639834532643
11.49,-1.113432408892794
11.5,0.12616412092878387
11.51,1.91769924412208
11.52,3.1379401575199317
11.53,3.9685150046441193
11.540000000000001,4.24042120698824
11.55,6.300721608988118
11.56,7.101405642449283
11.57,8.030914826260078
11.58,8.079773330417387
11.59,9.39432758305556
11.6,10.219338844659744
11.61,9.897725464092543
11.620000000000001,9.69705978440279
11.63,10.50399155612204
11.64,9.94701484823561
11.65,10.05356261204329
11.66,9.15661565512808
11.67,8.364887971468871
11.68,8.207249342417068
11.69,7.551231574945264
11.700000000000001,5.909782884984499
11.71,4.4345432173531485
11.72,3.350236611483726
11.73,2.2278995494180025
11.74,1.3917580953932023
11.75,0.2458858913727054
11.76,-2.0418716420298373
11.77,-2.4087021136977955
11.78,-3.7561976513096855
11.790000000000001,-5.392705287018601
11.8,-6.34435015851068
11.81,-7.134958170980373
11.82,-7.399782178755589
11.83,-8.567206280610183
11.84,-9.203095525433051
11.85,-10.068516844128446
11.86,-9.767678526707979
11.870000000000001,-10.098848098617983
11.88,-10.102206559119757
11.89,-10.198965303101295
11.9,-9.367045815428352
11.91,-8.698959300422455
11.92,-7.533818947386858
11.93,-8.204108368898824
11.94,-7.0667603015405875
11.950000000000001,-5.066604918965333
11.96,-4.583986704544312
11.97,-3.1421323963479413
11.98,-2.5644432214946233
11.99,-1.3575444067044693
12.0,-1.310197310392406
12.01,1.947017221777199
12.02,3.0350304685160356
12.030000000000001,3.2904820783298865
12.040000000000001,5.747926906971757
12.05,5.619555807337591
12.06,7.861772350592042
12.07,7.423109682085979
12.08,9.700506643098029
12.09,9.222473406201356
12.1,9.73392669675233
12.11,9.136269870647691
12.120000000000001,10.402504904342281
12.13,10.557164912917681
12.14,9.987740395333228
12.15,10.023014667884246
12.16,8.587289646641706
12.17,8.25119095035839
12.18,8.447591959382969
12.19,6.812672930684656
12.200000000000001,5.36024888875796
12.21,4.897800393850446
12.22,3.675603803706873
12.23,2.5761691575541015
12.24,0.08079811988147534
12.25,0.21277814665465833
12.26,-1.1338033595790058
12.27,-3.055699763088519
12.280000000000001,-3.083184160377403
12.290000000000001,-4.47021336188007
12.3,-5.2066632950822616
12.31,-6.9802621458560115
12.32,-6.77060047618284
12.33,-7.813293421047776
12.34,-8.720852574897227
12.35,-9.318509478447888
12.36,-10.126445403850814
12.370000000000001,-9.678211338394101
12.38,-10.161889975117363
12.39,-9.737480120214435
12.4,-9.554203009448393
12.41,-8.068635118826156
12.42,-7.618548053865693
12.43,-7.589840320826525
12.44,-6.534374028826524
12.450000000000001,-6.65030519964066
12.46,-4.951175329199576
12.47,-3.9866886563685675
12.48,-3.4107281353553414
12.49,-1.065586999303776
12.5,-0.4024557579429842
12.51,0.3344101483234213
12.52,2.0855815544469065
12.530000000000001,3.011587983377427
12.540000000000001,4.362133778469179
12.55,5.881502406402825
12.56,6.5815767194704575
12.57,7.106749586857835
12.58,8.887339735035226
12.59,9.511652620074535
12.6,10.114001364747688
12.61,10.292128359508698
12.620000000000001,10.892094603947797
12.63,10.545359636130145
12.64,8.974641994222441
12.65,8.684428042791131
12.66,8.726571162186051
12.67,8.452858789574668
12.68,7.67139827498837
12.69,6.908482275617023
12.700000000000001,4.78047688058102
12.71,3.7303492711812014
12.72,3.6191854743927867
12.73,1.4764207796178463
12.74,0.6615016581794896
12.75,-1.0263716650473667
12.76,-0.9373798283228857
12.77,-2.5294115889964877
12.780000000000001,-3.9244179126941683
12.790000000000001,-5.423348544842048
12.8,-5.743041883873773
12.81,-7.122432892290288
12.82,-7.83186187248132
12.83,-8.760924797917777
12.84,-9.365348366389856
12.85,-10.416013459258016
12.86,-9.825453189231954
12.870000000000001,-9.863859514176049
12.88,-10.532690575607353
12.89,-10.08476652243185
12.9,-9.763402092934674
12.91,-9.188276805236042
12.92,-8.167165127774775
12.93,-7.410832875926819
12.94,-6.5283735287520965
12.950000000000001,-6.10840515397121
12.96,-4.577204523553294
12.97,-4.1186745060081
12.98,-1.995356216915099
12.99,-1.251062996841455
13.0,-0.18783191194983026
13.01,1.8141667234726475
13.02,3.0928425028651714
13.030000000000001,3.211252586828477
13.040000000000001,4.756427436039791
13.05,5.936144847426406
13.06,6.786444201279097
13.07,7.610680983304217
13.08,9.117863942637705
13.09,9.198998240199854
13.1,9.50928794321062
13.11,10.07170619078603
13.120000000000001,10.01198270038796
13.13,9.88414768360488
13.14,9.556710293690754
13.15,9.234044487313891
13.16,8.940801179934974
13.17,8.62522473004005
13.18,7.99614994632796
13.19,6.907454777477547
13.200000000000001,4.958930446997954
13.21,5.133997223637256
13.22,4.030097156850182
13.23,2.8711213643957136
13.24,1.1261941927244545
13.25,0.7770529079349624
13.26,-1.0889968311562532
13.27,-2.0738163555624616
13.280000000000001,-3.134085065757853
13.290000000000001,-4.3928180386540685
13.3,-7.038402786704818
13.31,-6.480282797871048
13.32,-7.809240539244342
13.33,-7.5508558959581125
13.34,-9.356762154613435
13.35,-9.287944308727319
13.36,-10.489461847723804
13.370000000000001,-9.432251013477972
13.38,-10.055494204712636
13.39,-9.742080332936798
13.4,-10.115109415058656
13.41,-9.298186074690886
13.42,-9.228342205958837
13.43,-7.888632404162578
13.44,-6.658732563809124
13.450000000000001,-4.973817020674187
13.46,-4.7680246367651025
13.47,-3.966476957743073
13.48,-2.3815050944817733
13.49,-0.9609470800358144
13.5,-0.12321824493523678
13.51,1.6667072308942954
13.52,2.655410598941185
13.530000000000001,3.8178335155226155
13.540000000000001,4.489398755553784
13.55,5.211518308616562
13.56,7.193983539860763
13.57,8.168451830252673
13.58,7.6290518076055145
13.59,9.235499520562048
13.6,9.695857213263494
13.61,9.840427941932852
13.620000000000001,9.43793614105013
13.63,10.020153186354152
13.64,9.354273026032514
13.65,9.512909978562023
13.66,9.391452321440669
13.67,8.787286206321216
13.68,7.901537000593792
13.69,6.72917707034182
13.700000000000001,5.476473920435683
13.71,4.26645734309594
13.72,4.504556521445961
13.73,1.772359039153685
13.74,1.7817352234675252
13.75,0.16206992047429178
13.76,-1.6073031168940135
13.77,-2.765532485431884
13.780000000000001,-4.048249712550093
13.790000000000001,-5.4274439437686075
13.8,-6.178727564962604
13.81,-5.575891598751528
13.82,-8.009854146869205
13.83,-8.57175120977178
13.84,-9.76739026573079
13.85,-8.825001223174175
13.86,-10.592616525476222
13.870000000000001,-9.477901091863398
13.88,-9.46306823302128
13.89,-9.746829396715581
13.9,-9.60569515558053
13.91,-10.246693571228533
13.92,-7.995715000681939
13.93,-7.178868772033165
13.94,-7.265501818752213
13.950000000000001,-5.130087053402629
13.96,-4.618533460348579
13.97,-3.793220837758056
13.98,-2.323668157401217
13.99,-1.876405090703959
14.0,-0.233545289008103
14.01,1.5325862064171896
14.02,1.981949608901906
14.030000000000001,3.2160253721759546
14.040000000000001,3.951751305781718
14.05,5.507784964123877
14.06,6.9859744109882245
14.07,7.697404737980568
14.08,8.32740900094985
14.09,9.83722335020323
14.1,9.035475610295348
14.11,8.991738950552483
14.120000000000001,10.480740568223398
14.13,9.624673051964889
14.14,9.695122849071288
14.15,9.223974820087813
14.16,9.51819780965883
14.17,8.463722665072824
14.18,8.246292522701
14.19,6.972454413621553
14.200000000000001,5.636298765965723
14.21,5.559791493369888
14.22,4.18576528200864
14.23,3.2225909925449225
14.24,1.216222349966439
14.25,-0.004424801626558126
14.26,-1.0873157365367414
14.27,-2.024260307252521
14.280000000000001,-4.11900864408691
14.290000000000001,-4.720813805516425
14.3,-5.263998807705849
14.31,-6.462035936301931
14.32,-7.649310624185199
14.33,-9.269012942084348
14.34,-9.113628489168512
14.35,-9.254966071623322
14.36,-10.329202486340801
14.370000000000001,-9.45672776375265
14.38,-10.116466438704085
14.39,-9.154122274824104
14.4,-9.869932124869331
14.41,-9.199560482379942
14.42,-8.688093917958712
14.43,-7.654757749879792
14.44,-6.471152834986229
14.450000000000001,-5.750924898436725
14.46,-5.5057148549096375
14.47,-3.944516414563083
14.48,-2.4180611619440713
14.49,-1.0690391850561032
14.5,0.29676958160131117
14.51,1.7354492558657006
14.52,3.71023941385653
14.530000000000001,3.8595106080333013
14.540000000000001,4.4754827473300205
14.55,5.924125572330392
14.56,7.078981371411994
14.57,7.9034179781549945
14.58,9.022753618753605
14.59,9.445167502330511
14.6,10.037401899994547
14.61,10.678024313523434
14.620000000000001,10.402627522869157
14.63,10.170418303759352
14.64,9.48303165664046
14.65,9.433712980061529
14.66,8.976979411652831
14.67,8.879752890341454
14.68,8.37911745808065
14.69,7.697900078912581
14.700000000000001,5.305732182432169
14.71,5.913540575100039
14.72,3.249624922438063
14.73,1.3891958883014233
14.74,0.9198174920582108
14.75,0.09865254369699789
14.76,-1.3936936868264471
14.77,-2.833815503856458
14.780000000000001,-4.152072166379441
14.790000000000001,-5.195928369514041
14.8,-5.879955370107428
14.81,-7.186695737364944
14.82,-8.17783942766406
14.83,-7.996484010207515
14.84,-8.92551422824759
14.85,-9.79576733843392
14.86,-9.073281574319081
14.870000000000001,-9.935318655141707
14.88,-10.205193987641668
14.89,-9.676771826179762
14.9,-9.26620438732792
14.91,-8.633518720312752
14.92,-8.068943585819854
14.93,-7.315091239161515
14.94,-7.409797292427174
14.950000000000001,-5.961793058696689
14.96,-5.399732353189133
14.97,-3.477841471074628
14.98,-2.764096109297253
14.99,-2.0015009210105292
15.0,-0.6285293180146722
15.01,0.9037678763130044
15.02,2.4389579787179385
15.030000000000001,3.888618846015501
15.040000000000001,4.688879990829667
15.05,6.356692088911872
15.06,7.852263451556599
15.07,7.510386764048097
15.08,8.210926259247723
15.09,9.667449020786945
15.1,9.715703445426588
15.11,9.307768236734029
15.120000000000001,9.391295610185844
15.13,10.335839455043168
15.14,9.578237188007506
15.15,8.676245834531988
15.16,9.09697242663871
15.17,7.736520567551931
15.18,7.818580574056111
15.19,7.3157107105977826
15.200000000000001,6.945079298278973
15.21,4.504818773795703
15.22,3.705130689970338
15.23,2.235718142298753
15.24,1.0674353124850702
15.25,-0.2870287394358662
15.26,-0.7317137512367204
15.27,-3.027054754170916
15.280000000000001,-4.083328837600194
15.290000000000001,-4.842151963514138
15.3,-5.745074345440305
15.31,-6.082524279727623
15.32,-7.981176258113382
15.33,-8.20623136763901
15.34,-9.381338347299376
15.35,-9.149844702866933
15.36,-10.097237529562921
15.370000000000001,-9.983552409885386
15.38,-9.419382148128616
15.39,-10.065394398322256
15.4,-8.81520206103474
15.41,-9.69669967086186
15.42,-8.768675617157841
15.43,-7.729837760058738
15.44,-6.732256613766068
15.450000000000001,-5.331364437220536
15.46,-4.669520983938953
15.47,-3.83736940579373
15.48,-2.1630455250027953
15.49,-1.3244274148296808
15.5,-0.11979054416505898
15.51,0.8409988929863352
15.52,2.496411481869794
15.530000000000001,3.2498807733394557
15.540000000000001,4.3293283717381685
15.55,6.459026301143175
15.56,6.2136503412512765
15.57,8.316265431907455
15.58,8.101866551840512
15.59,8.655298653266055
15.6,9.10337118498831
15.610000000000001,10.929033920685896
15.620000000000001,9.46805561186089
15.63,10.083749149057153
15.64,9.745827513239242
15.65,10.181386290168403
15.66,8.37160265996187
15.67,8.893253343225481
15.68,7.520463041136726
15.69,5.959068734844707
15.700000000000001,5.805839420592832
15.71,6.149022553885369
15.72,3.2325521238720563
15.73,3.083973323099426
15.74,2.196845771567684
15.75,-0.9231838406479218
15.76,-2.1455317348289418
15.77,-2.394449805532378
15.780000000000001,-3.5133531504097397
15.790000000000001,-4.6323767675075285
15.8,-6.057104838801039
15.81,-6.675481202140115
15.82,-7.77675677646511
15.83,-9.21348309043493
15.84,-9.618549082316111
15.85,-9.35541636250884
15.860000000000001,-9.7364914789511
15.870000000000001,-9.498718726997124
15.88,-10.40689716704506
15.89,-10.349423459174991
15.9,-10.047888458858528
15.91,-9.518141242217967
15.92,-9.246127010286772
15.93,-7.786120587441456
15.94,-7.101211901574863
15.950000000000001,-6.032767529215912
15.96,-4.672044816848604
15.97,-3.97611065763588
15.98,-2.4346017404496596
15.99,-1.7770368035656412
16.0,0.2303593926237519
16.01,1.6515915585922967
16.02,2.0943360690510775
16.03,3.73051254258366
16.04,3.702561228385375
16.05,5.338360620660104
16.06,6.729219443845109
16.07,7.629988669155148
16.080000000000002,8.769158035484045
16.09,9.648865003874675
16.1,9.023885055282417
16.11,9.772192896068649
16.12,10.019340009222493
16.13,9.6471169791011
16.14,10.221700400825762
16.15,9.551483682997953
16.16,9.665075132758158
16.17,8.37447145615645
16.18,7.009403011025797
16.19,7.400883807427893
16.2,6.155687626785158
16.21,4.640941821651531
16.22,3.921332361266323
16.23,3.1404725885913103
16.240000000000002,1.2872182766439768
16.25,-0.4961530251176166
16.26,-1.563237996984728
16.27,-3.121010911959992
16.28,-3.5984612372399165
16.29,-4.7646512826667
16.3,-5.824095814073222
16.31,-6.541641607883783
16.32,-7.3598293406321895
16.330000000000002,-8.634766641971833
16.34,-9.536115452602811
16.35,-9.239083084899825
16.36,-10.478128140670274
16.37,-10.101860160120404
16.38,-9.689417656093532
16.39,-10.196148227314378
16.4,-9.40762888251839
16.41,-9.37475941617677
16.42,-8.208030147998244
16.43,-7.858182198627375
16.44,-6.694054933687915
16.45,-4.508733170211933
16.46,-5.151675833535067
16.47,-3.658678478108704
16.48,-1.9655714523981085
16.490000000000002,-1.3826682505878962
16.5,0.2547541918809848
16.51,1.1364974697812473
16.52,2.604111092639187
16.53,3.9995285646304346
16.54,5.2239102125644035
16.55,6.81334529829757
16.56,6.957926848326329
16.57,7.8119742560936265
16.580000000000002,9.530176462885425
16.59,9.327323245561393
16.6,9.95987684300942
16.61,10.223700189806209
16.62,10.394053173794703
16.63,9.691258156735572
16.64,10.132944453634721
16.65,9.036889690227092
16.66,8.853227505650354
16.67,8.59060396059695
16.68,7.12503091596147
16.69,6.1294591469857025
16.7,6.103183160016564
16.71,5.494642133065863
16.72,3.7155077463105535
16.73,2.135933151410686
16.740000000000002,1.2343450421836912
16.75,-0.029657039810540114
16.76,-1.041658341967888
16.77,-2.6530751100258545
16.78,-3.4454104839334203
16.79,-4.811943782646331
16.8,-6.24158633378091
16.81,-7.98572313692066
16.82,-8.160528105624858
16.830000000000002,-9.846684083279882
16.84,-9.807129979475864
16.85,-9.360031387342103
16.86,-9.95756826320944
16.87,-9.191777032340752
16.88,-10.74560572536104
16.89,-9.452535242951125
16.9,-9.265351695139904
16.91,-9.142267842825525
16.92,-8.229368797645419
16.93,-7.345896846204767
16.94,-6.583035882569455
16.95,-6.492781283599534
16.96,-4.412109203066816
16.97,-4.201138065737946
16.98,-2.051007049150251
16.990000000000002,-0.6937604429944396
17.0,0.2568283041351727
17.01,1.1840108948035115
17.02,3.244085351698741
17.03,3.359880486750405
17.04,3.589577332711835
17.05,5.974168702592055
17.06,7.139687580204338
17.07,7.580686743342307
17.080000000000002,8.460969399562437
17.09,8.719564858937987
17.1,9.555582499657472
17.11,10.20114575798152
17.12,9.757434967331113
17.13,10.570946768918663
17.14,9.620483951262983
17.150000000000002,9.632891827567175
17.16,8.4173929993765
17.17,8.551936077198365
17.18,7.2984356421286165
17.19,6.728852600487579
17.2,6.437561923829136
17.21,3.888726571468247
17.22,3.7504273663123637
17.23,2.619927091695452
17.240000000000002,1.275400522387563
17.25,0.011092923684227419
17.26,-1.3601869421217163
17.27,-2.9486901456166086
17.28,-3.6062366385907936
17.29,-5.897341322482511
17.3,-5.716392046484774
17.31,-7.18263336473908
17.32,-7.892899698290941
17.330000000000002,-8.370093436084359
17.34,-9.691471377412787
17.35,-9.601801175785633
17.36,-9.914391494117732
17.37,-10.631725318674688
17.38,-10.600147443488064
17.39,-10.35026791160591
17.400000000000002,-10.072106918258799
17.41,-8.372361592967232
17.42,-8.609631277962624
17.43,-7.7547897565429205
17.44,-6.748883622717328
17.45,-4.793825105697358
17.46,-4.7481227899023555
17.47,-3.8787847388460235
17.48,-2.4746334821448612
17.490000000000002,-1.5077938477641586
17.5,0.25954316777182335
17.51,1.615643862347606
17.52,1.1263423838169406
17.53,4.181979253259566
17.54,4.64855115193106
17.55,5.299972740062731
17.56,5.396400892996748
17.57,8.317600605655267
17.580000000000002,8.960991918306169
17.59,8.317160782061546
17.6,9.710365727127797
17.61,9.828878359890576
17.62,9.772293687754308
17.63,10.1472389907023
17.64,10.112501416994368
17.650000000000002,9.4198405043887
17.66,9.664951526404021
17.67,7.976408224762936
17.68,7.558418541805122
17.69,6.823904833724084
17.7,4.828453983110659
17.71,5.110838608262385
17.72,3.991488668051497
17.73,2.856621089625035
17.740000000000002,1.6926180011081096
17.75,0.47398802399707957
17.76,-1.1962726156692396
17.77,-2.2359278371894264
17.78,-2.9119505932907392
17.79,-4.457373225607223
17.8,-5.720064507904544
17.81,-6.975675989504362
17.82,-7.976386827891645
17.830000000000002,-7.994076430996558
17.84,-9.30438219764415
17.85,-9.919730851692549
17.86,-8.744048699441358
17.87,-9.63736073475125
17.88,-10.538333047239597
17.89,-10.345362931714835
17.900000000000002,-9.017173615555455
17.91,-9.103186444357025
17.92,-8.891540029340897
17.93,-6.961275769573204
17.94,-7.035978787963931
17.95,-5.717822090848667
17.96,-4.70347645295265
17.97,-3.946157110418806
17.98,-2.5962738209386047
17.990000000000002,-1.2521257146624625
18.0,0.8055374567335309
18.01,0.5307379133936708
18.02,2.557932018708939
18.03,3.398522764636992
18.04,4.9482623781159045
18.05,5.865684064392747
18.06,6.725223628557759
18.07,7.492275118328203
18.080000000000002,8.55332367574953
18.09,8.81685947881699
18.1,9.292884001310092
18.11,10.12297285950983
18.12,10.48279268637933
18.13,10.033549080498563
18.14,10.269024926820554
18.150000000000002,9.019715389250615
18.16,8.529604028046625
18.17,9.13122284820788
18.18,8.114519637543715
18.19,7.30283522896884
18.2,6.12290638786959
18.21,5.17079783735768
18.22,2.2942654115642447
18.23,1.9148887859360806
18.240000000000002,1.2454929924211324
18.25,-1.0225605769731423
18.26,-1.5112575898083065
18.27,-3.215588225269267
18.28,-3.204735385304175
18.29,-4.60536496073024
18.3,-5.760746557569663
18.31,-5.664392032354925
18.32,-7.837333867352337
18.330000000000002,-8.763010142643836
18.34,-8.261669527789236
18.35,-9.190597007202495
18.36,-11.009589967369312
18.37,-10.470760320397178
18.38,-10.026474708637702
18.39,-9.252950291695036
18.400000000000002,-9.415474724772324
18.41,-9.282404544018531
18.42,-8.273312903710288
18.43,-7.8149994364159525
18.44,-7.703046798017734
18.45,-5.573149264882856
18.46,-4.5403872126569995
18.47,-3.299922876613124
18.48,-3.0213642012646043
18.490000000000002,-0.6907887992905846
18.5,0.0036165010784353258
18.51,0.9924047796756044
18.52,1.685954709889011
18.53,4.259885631139456
18.54,4.4192507725830446
18.55,6.459533690790693
18.56,6.713949919692913
18.57,7.446934784487518
18.580000000000002,7.803640525064415
18.59,9.090333463282683
18.6,9.041133099867114
18.61,10.044369634462294
18.62,10.374567124597778
18.63,9.407336581231888
18.64,9.901532772218575
18.650000000000002,9.834384152861155
18.66,9.06065882974083
18.67,9.399816773462886
18.68,7.986074145698308
18.69,7.5260223789458935
18.7,6.61057981471707
18.71,4.490230813560587
18.72,3.39499617298111
18.73,1.4870180288110284
18.740000000000002,0.2860986817748048
18.75,0.26403959988590864
18.76,-1.9748083673519266
18.77,-2.2482317404822094
18.78,-3.366197780851868
18.79,-5.425203176533103
18.8,-6.099330217210332
18.81,-7.143984139283796
18.82,-7.965429285128014
18.830000000000002,-8.502602502834481
18.84,-9.25927412268398
18.85,-9.312317395204376
18.86,-10.812344487026603
18.87,-11.178969089993823
18.88,-10.526195308418679
18.89,-9.61314280705709
18.900000000000002,-10.098750889432072
18.91,-8.66081284245154
18.92,-8.093180906318782
18.93,-7.201399312098424
18.94,-6.300905236844363
18.95,-6.510047571355265
18.96,-5.498084882143353
18.97,-4.303208055014834
18.98,-1.8842870005695995
18.990000000000002,-0.40658120186261426
19.0,0.3162734151163234
19.01,0.8832184183260042
19.02,2.46282336323485
19.03,3.7799221098524654
19.04,5.91399160095329
19.05,5.830596197392761
19.06,6.495127623557045
19.07,8.229546256238224
19.080000000000002,8.959265921765075
19.09,8.725781751630139
19.1,9.525843702661728
19.11,9.802969111428395
19.12,8.91952845674575
19.13,9.773292590899425
19.14,10.601322592375427
19.150000000000002,8.878588496576109
19.16,7.928784605442762
19.17,8.010353008904584
19.18,7.464421517638729
19.19,7.264872154525367
19.2,5.579926990070123
19.21,5.116018506905913
19.22,4.225497131500088
19.23,2.6180638404126726
19.240000000000002,1.6167058535534131
19.25,-0.8448684232682525
19.26,-0.8141198398744977
19.27,-2.293517808065505
19.28,-4.106267312344554
19.29,-5.157007843038366
19.3,-5.7067849580353425
19.31,-6.255543923686563
19.32,-7.724707660328736
19.330000000000002,-8.376360788540834
19.34,-9.312628923232612
19.35,-9.467748977047641
19.36,-9.22746668917957
19.37,-10.432110152529399
19.38,-9.710488904789772
19.39,-9.302437690485794
19.400000000000002,-8.999999392643964
19.41,-8.96284984108937
19.42,-8.182104464639552
19.43,-7.12205935946663
19.44,-6.271518994196621
19.45,-5.7617767941270035
19.46,-5.1556205082657245
19.47,-3.601724574517482
19.48,-2.719013400883093
19.490000000000002,-0.7532112068511162
19.5,-0.6437777699908968
19.51,0.9910169319804556
19.52,2.660123146108129
19.53,3.699674179972753
19.54,5.075282840466327
19.55,5.636039934082563
19.56,7.023033922356863
19.57,7.971663753576718
19.580000000000002,8.22965523398745
19.59,9.027748601734483
19.6,9.35905779213945
19.61,10.25426859070772
19.62,10.117490773082919
19.63,9.574760857682016
19.64,9.614205974798496
19.650000000000002,8.597243301017032
19.66,9.577010477760599
19.67,7.615675271340824
19.68,7.706251225579201
19.69,7.312268911242097
19.7,5.284141181757472
19.71,4.839400789979758
19.72,3.650352401697215
19.73,2.5090869192774217
19.740000000000002,1.2246582443420984
19.75,-0.12195325844131218
19.76,-1.8781858306910728
19.77,-2.6228269530370523
19.78,-2.653039714013542
19.79,-5.543703823876509
19.8,-5.16945363850349
19.81,-6.826080765731229
19.82,-7.359852455496903
19.830000000000002,-8.135806375768635
19.84,-8.870896902054069
19.85,-8.983168280395223
19.86,-9.970551195432702
19.87,-10.313076737550624
19.88,-10.417981462652747
19.89,-9.331707418167195
19.900000000000002,-9.230129974316574
19.91,-9.327598462295327
19.92,-8.337182020662771
19.93,-7.769476811045905
19.94,-6.989263066097611
19.95,-5.627394387841437
19.96,-4.211916660167899
19.97,-3.086230194896018
19.98,-3.18793120292741
19.990000000000002,-0.6861652763232235
20.0,-0.05365915976086467
20.01,1.1986755851160977
20.02,2.8254683373087803
20.03,3.094328198905603
20.04,5.186066177389845
20.05,7.125240596125553
20.06,7.049676645788462
20.07,7.297943306266349
20.080000000000002,8.733540252470352
20.09,9.015620616696244
20.1,10.819285144251808
20.11,10.223268982125703
20.12,9.844313189219248
20.13,10.012465875488761
20.14,10.014136520518143
20.150000000000002,9.087192728753687
20.16,9.869335133364011
20.17,8.731050545391257
20.18,7.65604381041595
20.19,6.85937805338817
20.2,5.759814141195192
20.21,4.931859535738547
20.22,2.9838156998040426
20.23,2.832317447495047
20.240000000000002,1.6013615730952537
20.25,-0.09103493686971217
20.26,-1.8403344225116145
20.27,-1.8362774872380405
20.28,-2.4987516941178716
20.29,-5.379516321496816
20.3,-5.715059226445929
20.31,-6.770120485234334
20.32,-7.121621731789736
20.330000000000002,-8.838663664874215
20.34,-9.170455073085966
20.35,-9.994416331544588
20.36,-10.780910928512146
20.37,-9.684304801084515
20.38,-9.163449245180828
20.39,-10.175055580572772
20.400000000000002,-9.517317171767905
20.41,-9.370528480475539
20.42,-9.015632646597778
20.43,-8.482986118329597
20.44,-7.336317915216125
20.45,-5.843469612341048
20.46,-4.550741509877585
20.47,-4.135627876819181
20.48,-2.7082901648974613
20.490000000000002,-1.0835121153170584
20.5,0.10543038823709679
20.51,0.9069827157510004
20.52,2.312609493730673
20.53,2.4572189049637014
20.54,4.543654125151025
20.55,5.377948909224061
20.56,5.969762775957355
20.57,7.5012358101084935
20.580000000000002,8.449857813037369
20.59,9.18475039138037
20.6,9.649682369031826
20.61,10.645857603567336
20.62,9.395103474319193
20.63,10.3253680184833
20.64,9.622232537418459
20.650000000000002,10.061301767480431
20.66,9.125503067088168
20.67,7.921025369553148
20.68,7.69339884830803
20.69,6.633292358718249
20.7,5.606292234596882
20.71,5.654968820097259
20.72,4.485792070897017
20.73,2.984512341818646
20.740000000000002,1.521557754983991
20.75,-1.134235166190359
20.76,-1.3686288163624925
20.77,-2.1795237941259002
20.78,-3.8766857876351706
20.79,-5.40780549775581
20.8,-5.787869274213198
20.81,-7.2905535669591615
20.82,-7.928233651351638
20.830000000000002,-8.553188254437595
20.84,-9.306467833614366
20.85,-8.67739889505945
20.86,-10.502540183197326
20.87,-10.06248770802113
20.88,-9.59559115139562
20.89,-10.219723087809985
20.900000000000002,-9.251625664927627
20.91,-9.278251781395007
20.92,-7.269652655355122
20.93,-7.681850256411792
20.94,-6.48362241305772
20.95,-5.909605218165934
20.96,-4.281479266028059
20.97,-3.7025953809948655
20.98,-2.406331586874514
20.990000000000002,-1.7562084206920385
21.0,-0.5470325915684237
21.01,1.54597828633833
21.02,3.3455108947600127
21.03,3.833467165627883
21.04,5.35853573396676
21.05,6.169462259949666
21.06,6.684761921560545
21.07,7.687781407857587
21.080000000000002,9.032648532082465
21.09,8.787241786721015
21.1,8.570019253538705
21.11,10.209316240972269
21.12,9.648679064838394
21.13,10.885072395683347
21.14,10.033540566565353
21.150000000000002,9.38717974134458
21.16,9.18797657363694
21.17,8.482569781887387
21.18,8.160103940220333
21.19,6.480268633777486
21.2,5.604884993562127
21.21,5.365397072572941
21.22,2.973304317618188
21.23,2.857496374821804
21.240000000000002,1.2343495123178279
21.25,0.1516608030799338
21.26,-1.5062031680912815
21.27,-2.6257659068477652
21.28,-4.034200064963245
21.29,-4.2333446511262744
21.3,-6.150522798942264
21.31,-6.971587187906976
21.32,-7.943866817059494
21.330000000000002,-9.100867862364945
21.34,-8.709488155414036
21.35,-9.746250833342302
21.36,-9.806898949150076
21.37,-9.999651079898454
21.38,-10.29205541809045
21.39,-8.988791568114856
21.400000000000002,-9.972788709218381
21.41,-9.776692994946485
21.42,-8.13363493367983
21.43,-8.701636669685232
21.44,-6.416456567989706
21.45,-6.153434634171387
21.46,-4.952265787896619
21.47,-4.076439339212627
21.48,-2.899997990164307
21.490000000000002,-0.5279501521990472
21.5,-0.569783607549848
21.51,1.834583196428457
21.52,2.190546582349362
21.53,3.2410404236574877
21.54,5.278831895831271
21.55,6.400625992448869
21.56,6.9880296813007154
21.57,7.9634652653922195
21.580000000000002,9.025472985348598
21.59,8.874780838954644
21.6,10.035425846156562
21.61,10.033836295670271
21.62,9.815169785888461
21.63,10.191294979229355
21.64,9.641233460867937
21.650000000000002,9.80658745085892
21.66,9.198291258461905
21.67,8.27949498560699
21.68,7.249682525874564
21.69,6.119515975351143
21.7,5.880372594326086
21.71,4.278636602800012
21.72,3.6068863826005866
21.73,2.496302766688817
21.740000000000002,0.9402904062858842
21.75,-0.45051478617444535
21.76,-1.688613801348597
21.77,-2.418656604275821
21.78,-3.233659299598287
21.79,-3.696917273921854
21.8,-6.3323178570203105
21.81,-6.888765610445861
21.82,-8.463272829140768
21.830000000000002,-8.78495831919078
21.84,-8.800939972159444
21.85,-10.056555883104075
21.86,-9.777983761473243
21.87,-9.679352990699954
21.88,-9.42607150153256
21.89,-9.79112794681348
21.900000000000002,-9.882810773066106
21.91,-9.368756093418737
21.92,-8.001991108803411
21.93,-7.274418292848799
21.94,-6.70669069498255
21.95,-5.005262316664912
21.96,-4.512946581575623
21.97,-2.7102443266803284
21.98,-2.5792173828185865
21.990000000000002,-0.10044685559605293
22.0,0.37349830150734475
22.01,1.3693935304902525
22.02,2.4071779746511615
22.03,3.1958950369938184
22.04,5.0259631510268346
22.05,5.650986545838225
22.06,7.509192520882891
22.07,7.519386096198572
22.080000000000002,8.986249531674982
22.09,9.010490030926498
22.1,9.764425393316873
22.11,9.70985890355352
22.12,9.613521496340546
22.13,10.220684124146244
22.14,9.147934008369864
22.150000000000002,9.415179873905679
22.16,8.426702065148827
22.17,8.647722472935342
22.18,7.865082100401354
22.19,7.28631209168215
22.2,5.7630762293932385
22.21,4.782904087151685
22.22,4.201629380242997
22.23,2.8355276215888803
22.240000000000002,1.2470685449770993
22.25,-0.1576614604865459
22.26,-2.0409948146030894
22.27,-2.836112429310196
22.28,-2.544521849941165
22.29,-4.824944930972574
22.3,-5.970065438391272
22.31,-6.181635786738167
22.32,-7.911000286257709
22.330000000000002,-8.406099927066954
22.34,-9.196812545710559
22.35,-9.63858660531728
22.36,-10.23787489152107
22.37,-9.664752740471394
22.38,-9.719346553688204
22.39,-9.70863959971286
22.400000000000002,-9.255677373481571
22.41,-8.911538908680203
22.42,-8.198888606571034
22.43,-7.149366435954073
22.44,-6.969005689550628
22.45,-5.77596973317753
22.46,-5.004557328004632
22.47,-4.019262004153786
22.48,-1.3586672885047328
22.490000000000002,-1.457049033367499
22.5,-0.03172340028569152
22.51,0.9705189561109262
22.52,3.2079814519299426
22.53,3.495003003262255
22.54,5.39436570332358
22.55,5.274634445822104
22.56,6.114593919672552
22.57,8.672760027056412
22.580000000000002,8.141172817251904
22.59,8.270862486301048
22.6,9.824696876713642
22.61,10.15935943603852
22.62,9.01619967173378
22.63,10.548208933176536
22.64,9.603910804446556
22.650000000000002,10.203964547154227
22.66,9.250330598678758
22.67,7.955478665692764
22.68,8.160981035488295
22.69,5.952620939467974
22.7,5.6554928488660465
22.71,4.833748020441016
22.72,4.906972994316515
22.73,2.0995017464115246
22.740000000000002,1.236418683351076
22.75,0.5838038041476672
22.76,-1.1517691101080898
22.77,-2.537385002555186
22.78,-4.73251071317381
22.79,-4.368253638871194
22.8,-5.8967191680363085
22.81,-7.140616692213798
22.82,-8.499364930923738
22.830000000000002,-8.497667010146085
22.84,-8.509541619633918
22.85,-9.684873496498238
22.86,-10.258843714793054
22.87,-9.872727688487702
22.88,-10.507155569328031
22.89,-9.212522024205528
22.900000000000002,-9.953757666221854
22.91,-8.302241267548048
22.92,-7.904509853369818
22.93,-8.22778003699933
22.94,-6.54391399781773
22.95,-5.594587494197639
22.96,-5.013697960138677
22.97,-2.5693100943245426
22.98,-3.1722068711099203
22.990000000000002,-0.8594406913613137
23.0,0.33326002733506316
23.01,2.142758446870961
23.02,2.7693585763271993
23.03,3.982508444969651
23.04,4.7536430051597485
23.05,6.178525671673629
23.06,7.337073000981956
23.07,7.652234895697334
23.080000000000002,8.366593203664793
23.09,9.180868992709778
23.1,10.397865162973337
23.11,10.050648856852542
23.12,9.960021484030596
23.13,9.060476607039037
23.14,10.224436166327276
23.150000000000002,9.88944255838085
23.16,9.006374927756978
23.17,9.264666924126983
23.18,8.906319417016388
23.19,6.840754867369711
23.2,5.324703821329982
23.21,4.512318373391209
23.22,3.4047336888349746
23.23,2.7050919928429082
23.240000000000002,1.34254229534699
23.25,0.22655505063354092
23.26,-1.184509929240639
23.27,-2.3867710776523707
23.28,-3.993002045482238
23.29,-4.890335379514038
23.3,-6.793159963312601
23.31,-7.20429119357391
23.32,-8.367720727082517
23.330000000000002,-7.434511926121275
23.34,-8.843922826542684
23.35,-10.70235922696569
23.36,-9.990146877296993
23.37,-8.682347271972137
23.38,-10.01797636027036
23.39,-10.095465836476547
23.400000000000002,-10.388978468764638
23.41,-9.327544294956459
23.42,-7.782372125659177
23.43,-7.633339640093635
23.44,-6.703094888653009
23.45,-5.884373804589882
23.46,-4.420506961890069
23.47,-4.146942255211194
23.48,-2.578391875582504
23.490000000000002,-1.2931603838383758
23.5,0.5931537088268625
23.51,1.1565397949792988
23.52,3.7315421877070536
23.53,3.386520995633923
23.54,5.191549319056622
23.55,6.142301896465959
23.56,6.034485663683144
23.57,8.349527523905437
23.580000000000002,8.603790696742974
23.59,7.83774557820307
23.6,9.742534498224117
23.61,10.649485456146447
23.62,10.55164161352527
23.63,10.383238303385138
23.64,9.15146436900368
23.650000000000002,9.837932010414681
23.66,8.107564960483334
23.67,7.17595563919777
23.68,7.647708721778794
23.69,6.47050096428284
23.7,6.72959043322375
23.71,5.017610504631482
23.72,3.8618862213408014
23.73,2.6696310692370857
23.740000000000002,1.3042490720670603
23.75,-0.6709647123382348
23.76,-0.7247439357276447
23.77,-2.134303398927672
23.78,-4.594210389966121
23.79,-4.405851001985855
23.8,-6.411960863182485
23.81,-6.999138488838926
23.82,-6.449871111128565
23.830000000000002,-9.448330980558021
23.84,-8.890989147914294
23.85,-9.193627094052273
23.86,-10.133769188454
23.87,-10.268609438694963
23.88,-10.277291970140723
23.89,-9.031860286643896
23.900000000000002,-9.199965027814269
23.91,-8.350296162442222
23.92,-8.095819376875912
23.93,-7.591456364385044
23.94,-6.439370905598134
23.95,-5.604435800221299
23.96,-4.5734855729730715
23.97,-4.197053621244961
23.98,-1.1917425809751983
23.990000000000002,-1.3248497186712038
24.0,0.11592415875282461
24.01,1.8592016011995844
24.02,1.622781166227007
24.03,4.236031740064089
24.04,5.135953711706414
24.05,5.746283672971111
24.060000000000002,8.226628996208502
24.07,7.955866169014624
24.080000000000002,8.092379738000684
24.09,8.561045309005511
24.1,9.631248674224585
24.11,9.563545941090098
24.12,9.579437598757519
24.13,10.217479787795364
24.14,9.155584237135736
24.150000000000002,9.150921296127745
24.16,9.638270711814123
24.17,8.58739487888343
24.18,7.178383553555909
24.19,7.618236235133578
24.2,6.053299550528844
24.21,4.8643230448178985
24.22,4.551476914002872
24.23,2.4746633690076436
24.240000000000002,2.20140026159467
24.25,1.2122271611777145
24.26,-0.7047735855713371
24.27,-3.5117306563194433
24.28,-3.4136075585095487
24.29,-4.522856707689376
24.3,-5.382996591094701
24.310000000000002,-7.372320243138722
24.32,-7.44493374255472
24.330000000000002,-9.259108467260832
24.34,-9.094059158559093
24.35,-9.721459050911754
24.36,-9.450017710754533
24.37,-9.656221639195174
24.38,-9.551687369381852
24.39,-10.063690434309672
24.400000000000002,-10.326728941131153
24.41,-8.409311623939727
24.42,-8.03577501286729
24.43,-7.596142952913881
24.44,-6.770800686502811
24.45,-4.857675283694599
24.46,-4.232275412540531
24.47,-3.5688600613821206
24.48,-2.2907416895897237
24.490000000000002,-2.0740053103036487
24.5,0.025517191891776907
24.51,1.0689991595055626
24.52,1.239485932283929
24.53,4.058369064218564
24.54,5.128501865926
24.55,5.093290813731559
24.560000000000002,6.537658542161225
24.57,8.303576453322236
24.580000000000002,8.061800689256229
24.59,9.210349652469962
24.6,9.653711513753622
24.61,10.143435991942772
24.62,9.711917218157557
24.63,10.276190217053925
24.64,10.05025426076723
24.650000000000002,9.206823579920101
24.66,9.646119529283922
24.67,8.106384326038219
24.68,7.452821573949391
24.69,6.716044962086804
24.7,5.509354933110439
24.71,5.10172775238991
24.72,4.152514560049341
24.73,2.8537079159848107
24.740000000000002,1.2516571672347518
24.75,-0.2803992658881106
24.76,-1.5197789267997655
24.77,-3.0736007626070703
24.78,-4.078158151009937
24.79,-5.145905180552635
24.8,-6.71224745415036
24.810000000000002,-7.377613922492924
24.82,-7.847004306178659
24.830000000000002,-8.3023016092569
24.84,-10.07582263880125
24.85,-9.258743987421138
24.86,-8.805373312699214
24.87,-10.681945789801146
24.88,-9.526966818197746
24.89,-9.023967789433678
24.900000000000002,-9.558405054386503
24.91,-8.388259571014968
24.92,-8.363084797257992
24.93,-7.960022877522861
24.94,-5.527977630101691
24.95,-6.003648133534926
24.96,-4.741659062975888
24.97,-3.0335156217337946
24.98,-2.343546356816349
24.990000000000002,-2.3307080136399327
25.0,-0.7228045297663744
25.01,0.9036549272107903
25.02,2.2929025519515527
25.03,4.338615443374081
25.04,5.542815587636769
25.05,5.770200391094583
25.060000000000002,6.9692100230974425
25.07,7.7687032377791105
25.080000000000002,8.128772167864838
25.09,8.713954131486123
25.1,9.643603935195419
25.11,10.400273736737475
25.12,9.041989988003646
25.13,9.93725817725112
25.14,9.511653958327402
25.150000000000002,9.566399824516814
25.16,9.689888285528754
25.17,8.961253314364267
25.18,6.750008344917369
25.19,6.50289837960948
25.2,6.349412582236469
25.21,5.519346191408816
25.22,3.64344762795356
25.23,3.0930415019662303
25.240000000000002,0.2976899339452148
25.25,0.4623097548119716
25.26,-1.0858389320628214
25.27,-2.425521805735852
25.28,-3.857720918936051
25.29,-4.523695340736425
25.3,-5.9518458235003555
25.310000000000002,-5.895828311265507
25.32,-7.130235691894253
25.330000000000002,-8.828132802685346
25.34,-7.720060189724698
25.35,-9.561529243387492
25.36,-10.269738805760444
25.37,-10.157030314467303
25.38,-10.195618872539137
25.39,-9.653158195640517
25.400000000000002,-8.960306361612336
25.41,-8.987486081739503
25.42,-7.971634286845604
25.43,-7.4873310147887135
25.44,-6.506065774660491
25.45,-6.087213701593137
25.46,-4.615708881416007
25.47,-4.279544511429403
25.48,-2.76160800290619
25.490000000000002,-2.2263611667195344
25.5,-1.1249847624487603
25.51,1.6326955305520312
25.52,2.61553322591222
25.53,3.1774172710322075
25.54,4.962674513361085
25.55,5.818168916267337
25.560000000000002,6.52262747318692
25.57,7.351833795194006
25.580000000000002,8.445113501720403
25.59,8.886542943194504
25.6,10.397171235821496
25.61,9.501149488907988
25.62,10.104757854715118
25.63,9.897380869082944
25.64,9.315391781413455
25.650000000000002,10.172293515350956
25.66,9.383064642245788
25.67,9.046849922527697
25.68,7.818220986939166
25.69,7.153420105458018
25.7,5.2039496533335265
25.71,5.387637210813315
25.72,4.490872936642433
25.73,3.246342744176153
25.740000000000002,2.5245462801027685
25.75,0.6424575508647431
25.76,-1.2128177916954217
25.77,-2.700852986261905
25.78,-4.487657457799701
25.79,-5.489203682814269
25.8,-5.543900231019268
25.810000000000002,-6.401766001234002
25.82,-8.37413320691887
25.830000000000002,-8.138560317617362
25.84,-9.857851552865467
25.85,-9.604607994685539
25.86,-9.739230769164987
25.87,-10.273238097842881
25.88,-10.0596047779423
25.89,-9.793677523456353
25.900000000000002,-9.78973724978432
25.91,-8.813245092398134
25.92,-8.562893475854475
25.93,-7.554540314639904
25.94,-5.742915727248033
25.95,-6.753012556486892
25.96,-5.6062100356589175
25.97,-3.2172140649035543
25.98,-2.3053225067955863
25.990000000000002,-2.5220403926063772
26.0,0.028812249661572278
26.01,1.945327989869297
26.02,2.5423309821561624
26.03,3.7818614266687205
26.04,4.850516287526639
26.05,5.296022359315853
26.060000000000002,7.305123025124052
26.07,7.620020719841225
26.080000000000002,7.449588622632509
26.09,9.06741016353688
26.1,9.28011515109189
26.11,9.173694558855836
26.12,10.727528921339607
26.13,10.058748726067881
26.14,10.833832727132044
26.150000000000002,9.40634935197107
26.16,8.672370589436463
26.17,9.037230947984884
26.18,7.719482771100365
26.19,6.445087640975511
26.2,5.861188056932053
26.21,4.447524213409635
26.22,3.807034572128535
26.23,3.4005511954812837
26.240000000000002,0.5709786454139731
26.25,0.6258354020420684
26.26,-0.8994512900297027
26.27,-3.4235160893441474
26.28,-3.948546068826527
26.29,-4.3596461036474485
26.3,-5.730098201596207
26.310000000000002,-5.962189250973816
26.32,-7.580357187007624
26.330000000000002,-8.690377963228027
26.34,-8.800449613441545
26.35,-9.397011547998812
26.36,-10.120776835482205
26.37,-9.926526533313695
26.38,-10.414794698857552
26.39,-9.506635773009423
26.400000000000002,-9.132035636694852
26.41,-9.434041788099465
26.42,-8.09115392108281
26.43,-7.8568832953403
26.44,-6.243930070585302
26.45,-5.631751790146233
26.46,-5.11886212164509
26.47,-3.712892681987243
26.48,-2.341297178224945
26.490000000000002,-1.535129347865199
26.5,-0.8518511300350738
26.51,0.6217050182752374
26.52,1.9822950736377347
26.53,3.4442987608461784
26.54,4.160756812765216
26.55,5.3805483467193405
26.560000000000002,7.304475451886103
26.57,7.983949696509029
26.580000000000002,8.272910943264142
26.59,8.592242699131075
26.6,9.843760541892008
26.61,9.645347467852025
26.62,9.610221063099331
26.63,10.381295895811386
26.64,10.697929484369972
26.650000000000002,10.410470029657702
26.66,8.321638164786933
26.67,8.068887529841069
26.68,7.994106637568957
26.69,7.350602979876266
26.7,5.292019813463914
26.71,4.809685787078781
26.72,3.367503954997955
26.73,1.0647776229130759
26.740000000000002,1.9427846161769908
26.75,-0.5065914931139083
26.76,-0.4818155129467143
26.77,-2.43457246607126
26.78,-3.1312979935171166
26.79,-5.530570493916737
26.8,-4.974341294183805
26.810000000000002,-7.144026803132968
26.82,-7.344296000213546
26.830000000000002,-8.448878698241804
26.84,-9.827520727033141
26.85,-9.558558288099363
26.86,-9.019989453721644
26.87,-10.321771262329644
26.88,-10.73347666731373
26.89,-10.405518080921246
26.900000000000002,-9.437906741885087
26.91,-9.079585071814048
26.92,-8.802672161016703
26.93,-8.152596160703185
26.94,-6.539015400542706
26.95,-5.765777655625933
26.96,-5.309753271085301
26.97,-3.1688788199022215
26.98,-1.5166066637430373
26.990000000000002,-1.2382440722025512
27.0,0.0945140941320572
27.01,1.5808188772734837
27.02,3.4417745380210523
27.03,3.2373159829700304
27.04,4.97879122015688
27.05,5.588977788274101
27.060000000000002,6.597893255404046
27.07,7.279278908530893
27.080000000000002,8.70458201825286
27.09,8.994644227371673
27.1,9.045849807670177
27.11,9.875739022283534
27.12,10.19731130355338
27.13,9.017682062479219
27.14,9.515008166754194
27.150000000000002,8.695002688442433
27.16,9.352016609656015
27.17,8.436002975426645
27.18,6.996781562775888
27.19,6.312974150533069
27.2,5.187505939945905
27.21,5.066311593309971
27.22,3.128747369807381
27.23,1.9758347160615506
27.240000000000002,0.10384906212733203
27.25,-0.7652123868225951
27.26,-0.003372454927491386
27.27,-1.8748712972543067
27.28,-2.871163388607995
27.29,-5.843153202367155
27.3,-5.849662197594267
27.310000000000002,-6.1990153909408
27.32,-6.651537717630648
27.330000000000002,-8.579670991715105
27.34,-8.814404376993007
27.35,-8.875985873963005
27.36,-9.908875723817332
27.37,-9.694059936483514
27.38,-10.603727453929356
27.39,-8.747309482806642
27.400000000000002,-8.997194271684245
27.41,-9.258733211747149
27.42,-7.992196930470618
27.43,-7.50887187495749
27.44,-6.895590702012722
27.45,-5.54420196986771
27.46,-5.107361217055297
27.47,-4.106275359770158
27.48,-1.599289080346435
27.490000000000002,-1.4965995691752942
27.5,-0.29621942273816965
27.51,0.6684833699035064
27.52,1.9961260057898509
27.53,3.6997444770952717
27.54,5.072048669768139
27.55,5.663635081484974
27.560000000000002,7.415769176276997
27.57,8.253291641112243
27.580000000000002,8.189357153780154
27.59,8.181629483818535
27.6,9.841101192408711
27.61,10.175898286747627
27.62,8.829373169580604
27.63,9.507381620916666
27.64,9.996304153756798
27.650000000000002,9.86422693514763
27.66,9.0261395585513
27.67,9.135950970030958
27.68,8.095007764217597
27.69,7.318463708942463
27.7,5.831795077554643
27.71,5.329989562001839
27.72,3.489215930666086
27.73,2.0341443818051874
27.740000000000002,1.5905089562737982
27.75,0.12410668096540937
27.76,-0.3651467040903157
27.77,-2.799699832678855
27.78,-3.4422949052330787
27.79,-4.282083985162137
27.8,-6.440427172773548
27.810000000000002,-6.464152310125002
27.82,-7.7119573640024095
27.830000000000002,-8.487474433212174
27.84,-8.612379563220617
27.85,-9.508684898018641
27.86,-9.871591632079777
27.87,-10.389931653401586
27.88,-9.421970242982239
27.89,-10.599028405819032
27.900000000000002,-10.174479253295367
27.91,-8.170935549196026
27.92,-9.079292363984978
27.93,-8.109215955658959
27.94,-6.903408411874744
27.95,-6.02534019013055
27.96,-4.660621416819088
27.97,-4.027594475534847
27.98,-2.4832510632609637
27.990000000000002,-1.1085345990615068
28.0,-0.8508066221930685
28.01,1.9412906267314123
28.02,3.1401240649026034
28.03,3.9461270014163676
28.04,5.01123135141882
28.05,5.638620635244327
28.060000000000002,7.3270200253668065
28.07,7.5152577446477595
28.080000000000002,10.36078744379296
28.09,9.65806388030074
28.1,9.982319581470186
28.11,9.645933112182203
28.12,10.066744539448155
28.13,9.524118198336577
28.14,10.454914881791312
28.150000000000002,9.623984191489889
28.16,8.97148917900312
28.17,8.534105831113859
28.18,7.755484478404323
28.19,6.065650241887108
28.2,5.35369982820461
28.21,3.7139495146328825
28.22,3.719624811285099
28.23,2.260472300613806
28.240000000000002,0.7290952946085733
28.25,0.0869370662389018
28.26,-1.2006491061958295
28.27,-1.757564650299245
28.28,-3.4324462622879306
28.29,-4.698525142448275
28.3,-6.052708074000461
28.310000000000002,-8.245601681444828
28.32,-7.670133421562036
28.330000000000002,-8.769242169335744
28.34,-9.532127273705157
28.35,-8.90293716190427
28.36,-10.112728412115802
28.37,-10.368068431504724
28.38,-10.181114831725534
28.39,-8.995672294442357
28.400000000000002,-10.375216669742708
28.41,-8.33377307906931
28.42,-8.150125874555476
28.43,-7.435967321354886
28.44,-7.038080872896299
28.45,-5.952870182505493
28.46,-4.639853633480531
28.47,-3.711746798483709
28.48,-1.7946701531300855
28.490000000000002,-2.1494007711932013
28.5,-0.6350090069323909
28.51,1.3962872909018382
28.52,3.148794561406874
28.53,3.4453647416410735
28.54,4.613511368264438
28.55,6.244026669974002
28.560000000000002,6.377372632481384
28.57,7.837786004768312
28.580000000000002,7.939190752857594
28.59,8.488179130727582
28.6,9.62077575193588
28.61,10.026957626945489
28.62,10.053915685534973
28.63,9.931619892447452
28.64,10.510442888878206
28.650000000000002,9.379982264601821
28.66,8.636297913965647
28.67,8.873697708385166
28.68,7.8751199105857275
28.69,7.188903256476132
28.7,5.9864792377272655
28.71,4.763928430254069
28.72,3.517186351459766
28.73,2.410105509641197
28.740000000000002,0.9135511871907482
28.75,0.2317852197700534
28.76,-1.522567393598946
28.77,-2.733511163329539
28.78,-2.9488168783526003
28.79,-5.384624000090898
28.8,-5.599218517763728
28.810000000000002,-6.4089395982960635
28.82,-8.278290784418811
28.830000000000002,-8.083647171444609
28.84,-8.980920842699156
28.85,-9.335981821303555
28.86,-9.670508276141666
28.87,-10.031605383350684
28.88,-9.401694536866831
28.89,-10.034580058846212
28.900000000000002,-9.24975003824872
28.91,-9.23052400667394
28.92,-8.249291450850357
28.93,-6.800814514648394
28.94,-6.9958341064651
28.95,-5.009568415249161
28.96,-3.8714675369576885
28.97,-3.3539138580613117
28.98,-2.0753428161851204
28.990000000000002,-1.0859104938193826
29.0,0.6720829490370936
29.01,0.6929766224299382
29.02,2.4638770959595617
29.03,3.8652142825291786
29.04,5.07884241028944
29.05,5.588556985468422
29.060000000000002,6.550006547366619
29.07,7.626086637064851
29.080000000000002,8.025310705861683
29.09,9.38172145140907
29.1,9.120280627335521
29.11,11.03343998332257
29.12,10.204186053102532
29.13,9.719314117139568
29.14,8.945922613504967
29.150000000000002,8.581784978807214
29.16,8.653841708344222
29.17,8.333133740407066
29.18,7.892975162382249
29.19,7.343861989453867
29.2,5.611202214474724
29.21,5.129472689697456
29.22,4.052805896406186
29.23,2.0616656547587926
29.240000000000002,1.1756172797418483
29.25,0.774356503373248
29.26,-0.9915023978570423
29.27,-3.0041033857571255
29.28,-3.7569343866762726
29.29,-4.51116151651032
29.3,-5.402680739382524
29.310000000000002,-6.648497917280275
29.32,-7.619658185034516
29.330000000000002,-8.004605134309246
29.34,-9.092876816322278
29.35,-8.766314690752967
29.36,-9.172156588998446
29.37,-9.008285864016262
29.38,-10.113773415668502
29.39,-10.088478170764606
29.400000000000002,-9.978685358998689
29.41,-9.872215692068517
29.42,-8.329626707272462
29.43,-7.991070380113376
29.44,-6.86107347847082
29.45,-5.5214136909361
29.46,-4.177836327768165
29.47,-3.372994089225709
29.48,-3.622378846983219
29.490000000000002,-1.2201849374200726
29.5,0.5896833515277103
29.51,0.8778966176355977
29.52,2.592712771178911
29.53,4.034740600147329
29.54,4.823362333245367
29.55,6.169406414868572
29.560000000000002,6.636952337535744
29.57,7.07270473378487
29.580000000000002,8.174416219041875
29.59,9.855471378943033
29.6,9.593671040126083
29.61,10.339460244378317
29.62,10.498533019052799
29.63,9.688628593829076
29.64,9.886045067544542
29.650000000000002,10.089570059033166
29.66,9.365532269997587
29.67,8.217639194930992
29.68,8.131803048051502
29.69,7.083819021659619
29.7,5.398109881054468
29.71,5.117739160657613
29.72,4.726949553246957
29.73,3.2146878883945513
29.740000000000002,1.995075072027165
29.75,-0.40969987199985863
29.76,-1.7363230469281574
29.77,-2.735070789344382
29.78,-3.9007022580208455
29.79,-4.900506687836156
29.8,-5.438033337240977
29.810000000000002,-6.863101034632763
29.82,-7.914260173978183
29.830000000000002,-7.89815811780966
29.84,-8.58350822826832
29.85,-9.32293087176637
29.86,-10.002627096484883
29.87,-10.205927361477528
29.88,-10.070537233554706
29.89,-10.151876265353353
29.900000000000002,-9.272908738947107
29.91,-9.238269638212596
29.92,-9.494533650456717
29.93,-8.61565916896736
29.94,-6.997167076803478
29.95,-6.12840971444032
29.96,-4.786616738556885
29.97,-3.634635628839095
29.98,-3.474998685472185
29.990000000000002,-1.1977027810782352
