indice,timestamp_s,Aceleración,cpm,prof_cm
0,0.00,-12.09352,0.0,0.0
1,0.01,-12.666241,0.0,0.0
2,0.02,-11.946505,0.0,0.0
3,0.03,-12.195412,0.0,0.0
4,0.04,-12.580912,0.0,0.0
5,0.05,-12.374788,0.0,0.0
6,0.06,-11.932353,0.0,0.0
7,0.07,-12.340311,0.0,0.0
8,0.08,-12.14352,0.0,0.0
9,0.09,-11.548812,0.0,0.0
10,0.10,-11.47162,0.0,0.0
11,0.11,-11.783034,0.0,0.0
12,0.12,-11.108205,0.0,0.0
13,0.13,-10.767053,0.0,0.0
14,0.14,-10.660856,0.0,0.0
15,0.15,-10.205112,0.0,0.0
16,0.16,-10.310376,0.0,0.0
17,0.17,-9.276241,0.0,0.0
18,0.18,-9.59369,0.0,0.0
19,0.19,-9.430492,0.0,0.0
20,0.20,-8.875511,0.0,0.0
21,0.21,-9.040275,0.0,0.0
22,0.22,-8.569375,0.0,0.0
23,0.23,-8.411353,0.0,0.0
24,0.24,-7.691662,0.0,0.0
25,0.25,-7.262457,0.0,0.0
26,0.26,-7.402934,0.0,0.0
27,0.27,-7.159317,0.0,0.0
28,0.28,-7.491534,0.0,0.0
29,0.29,-7.084495,0.0,0.0
30,0.30,-7.246087,0.0,0.0
31,0.31,-6.619535,0.0,0.0
32,0.32,-6.951783,0.0,0.0
33,0.33,-7.497701,0.0,0.0
34,0.34,-7.498319,0.0,0.0
35,0.35,-8.132026,0.0,0.0
36,0.36,-7.584342,0.0,0.0
37,0.37,-7.552493,0.0,0.0
38,0.38,-8.200452,0.0,0.0
39,0.39,-8.326958,0.0,0.0
40,0.40,-8.962392,0.0,0.0
41,0.41,-8.952605,0.0,0.0
42,0.42,-9.495181,0.0,0.0
43,0.43,-9.486,0.0,0.0
44,0.44,-10.277851,0.0,0.0
45,0.45,-10.416344,0.0,0.0
46,0.46,-10.805092,0.0,0.0
47,0.47,-10.734145,0.0,0.0
48,0.48,-11.796589,0.0,0.0
49,0.49,-10.942517,0.0,0.0
50,0.50,-11.121567,0.0,0.0
51,0.51,-11.960222,0.0,0.0
52,0.52,-12.47084,0.0,0.0
53,0.53,-11.663334,0.0,0.0
54,0.54,-12.209337,0.0,0.0
55,0.55,-12.436327,0.0,0.0
56,0.56,-12.44636,0.0,0.0
57,0.57,-12.41783,0.0,0.0
58,0.58,-12.009189,0.0,0.0
59,0.59,-12.30612,0.0,0.0
60,0.60,-12.168762,0.0,0.0
61,0.61,-11.928866,0.0,0.0
62,0.62,-11.801733,0.0,0.0
63,0.63,-11.948904,0.0,0.0
64,0.64,-11.381078,0.0,0.0
65,0.65,-11.505635,0.0,0.0
66,0.66,-10.729438,0.0,0.0
67,0.67,-10.826954,0.0,0.0
68,0.68,-10.357373,0.0,0.0
69,0.69,-9.935637,0.0,0.0
70,0.70,-10.243056,0.0,0.0
71,0.71,-9.677842,0.0,0.0
72,0.72,-9.240923,0.0,0.0
73,0.73,-8.863408,0.0,0.0
74,0.74,-8.458628,0.0,0.0
75,0.75,-8.142132,0.0,0.0
76,0.76,-7.721412,0.0,0.0
77,0.77,-7.708505,0.0,0.0
78,0.78,-7.557691,0.0,0.0
79,0.79,-7.653759,0.0,0.0
80,0.80,-7.285883,0.0,0.0
81,0.81,-7.04239,0.0,0.0
82,0.82,-7.181282,0.0,0.0
83,0.83,-6.990469,0.0,0.0
84,0.84,-6.658344,0.0,0.0
85,0.85,-7.73747,0.0,0.0
86,0.86,-7.443742,0.0,0.0
87,0.87,-7.360324,0.0,0.0
88,0.88,-6.963845,0.0,0.0
89,0.89,-8.138267,0.0,0.0
90,0.90,-8.101757,0.0,0.0
91,0.91,-8.097227,0.0,0.0
92,0.92,-8.282699,0.0,0.0
93,0.93,-9.300123,0.0,0.0
94,0.94,-9.271994,0.0,0.0
95,0.95,-9.400076,0.0,0.0
96,0.96,-10.036525,0.0,0.0
97,0.97,-10.254047,0.0,0.0
98,0.98,-9.747383,0.0,0.0
99,0.99,-10.600327,0.0,0.0
100,1.00,-10.739365,0.0,0.0
101,1.01,-11.197573,0.0,0.0
102,1.02,-11.202396,0.0,0.0
103,1.03,-11.843844,0.0,0.0
104,1.04,-11.753767,0.0,0.0
105,1.05,-11.21015,0.0,0.0
106,1.06,-12.270458,0.0,0.0
107,1.07,-11.80961,0.0,0.0
108,1.08,-12.625255,0.0,0.0
109,1.09,-11.887745,0.0,0.0
110,1.10,-12.481319,0.0,0.0
111,1.11,-12.220042,0.0,0.0
112,1.12,-12.273727,0.0,0.0
113,1.13,-11.852297,0.0,0.0
114,1.14,-12.013839,0.0,0.0
115,1.15,-12.150191,0.0,0.0
116,1.16,-12.210993,0.0,0.0
117,1.17,-11.182406,0.0,0.0
118,1.18,-11.63557,0.0,0.0
119,1.19,-11.221453,0.0,0.0
120,1.20,-10.863662,0.0,0.0
121,1.21,-10.590236,0.0,0.0
122,1.22,-10.12977,0.0,0.0
123,1.23,-9.715656,0.0,0.0
124,1.24,-9.656652,0.0,0.0
125,1.25,-8.835415,0.0,0.0
126,1.26,-8.810199,0.0,0.0
127,1.27,-8.376743,0.0,0.0
128,1.28,-8.42265,0.0,0.0
129,1.29,-8.084381,0.0,0.0
130,1.30,-7.988859,0.0,0.0
131,1.31,-8.06229,0.0,0.0
132,1.32,-7.840906,0.0,0.0
133,1.33,-7.604936,0.0,0.0
134,1.34,-7.208335,0.0,0.0
135,1.35,-7.221366,0.0,0.0
136,1.36,-7.302056,0.0,0.0
137,1.37,-7.007885,0.0,0.0
138,1.38,-7.41016,0.0,0.0
139,1.39,-7.580816,0.0,0.0
140,1.40,-7.383115,0.0,0.0
141,1.41,-7.330366,0.0,0.0
142,1.42,-7.697722,0.0,0.0
143,1.43,-8.129647,0.0,0.0
144,1.44,-8.242221,0.0,0.0
145,1.45,-7.942933,0.0,0.0
146,1.46,-9.096083,0.0,0.0
147,1.47,-8.96695,0.0,0.0
148,1.48,-9.879946,0.0,0.0
149,1.49,-9.798942,0.0,0.0
150,1.50,-9.954785,0.0,0.0
151,1.51,-10.140766,0.0,0.0
152,1.52,-10.500331,0.0,0.0
153,1.53,-10.636562,0.0,0.0
154,1.54,-11.653709,0.0,0.0
155,1.55,-11.35407,0.0,0.0
156,1.56,-11.322537,0.0,0.0
157,1.57,-11.8517,0.0,0.0
158,1.58,-12.261234,0.0,0.0
159,1.59,-12.580949,0.0,0.0
160,1.60,-12.614533,0.0,0.0
161,1.61,-12.321182,0.0,0.0
162,1.62,-12.632096,0.0,0.0
163,1.63,-12.59792,0.0,0.0
164,1.64,-12.20544,0.0,0.0
165,1.65,-12.79761,0.0,0.0
166,1.66,-12.052106,0.0,0.0
167,1.67,-12.062265,0.0,0.0
168,1.68,-12.072733,0.0,0.0
169,1.69,-12.283697,0.0,0.0
170,1.70,-11.696359,0.0,0.0
171,1.71,-11.246171,0.0,0.0
172,1.72,-11.582753,0.0,0.0
173,1.73,-10.89527,0.0,0.0
174,1.74,-10.594553,0.0,0.0
175,1.75,-10.931507,0.0,0.0
176,1.76,-10.244132,0.0,0.0
177,1.77,-9.544134,0.0,0.0
178,1.78,-9.455794,0.0,0.0
179,1.79,-8.67794,0.0,0.0
180,1.80,-8.429569,0.0,0.0
181,1.81,-8.847727,0.0,0.0
182,1.82,-8.688096,0.0,0.0
183,1.83,-7.814067,0.0,0.0
184,1.84,-7.782903,0.0,0.0
185,1.85,-7.439547,0.0,0.0
186,1.86,-7.344869,0.0,0.0
187,1.87,-7.319579,0.0,0.0
188,1.88,-7.500284,0.0,0.0
189,1.89,-7.056131,0.0,0.0
190,1.90,-6.763627,0.0,0.0
191,1.91,-7.4802,0.0,0.0
192,1.92,-6.875411,0.0,0.0
193,1.93,-7.45282,0.0,0.0
194,1.94,-7.440905,0.0,0.0
195,1.95,-7.815746,0.0,0.0
196,1.96,-8.085761,0.0,0.0
197,1.97,-7.770441,0.0,0.0
198,1.98,-8.585291,0.0,0.0
199,1.99,-8.473719,0.0,0.0
200,2.00,-8.912346,0.0,0.0
201,2.01,-8.599383,0.0,0.0
202,2.02,-9.520537,0.0,0.0
203,2.03,-9.833708,0.0,0.0
204,2.04,-9.628429,0.0,0.0
205,2.05,-10.391016,0.0,0.0
206,2.06,-10.781354,0.0,0.0
207,2.07,-10.697829,0.0,0.0
208,2.08,-11.001282,0.0,0.0
209,2.09,-11.370986,0.0,0.0
210,2.10,-11.792925,0.0,0.0
211,2.11,-11.800558,0.0,0.0
212,2.12,-11.778411,0.0,0.0
213,2.13,-12.151631,0.0,0.0
214,2.14,-11.855521,0.0,0.0
215,2.15,-12.565927,0.0,0.0
216,2.16,-13.132848,0.0,0.0
217,2.17,-12.196326,0.0,0.0
218,2.18,-12.058546,0.0,0.0
219,2.19,-12.350287,0.0,0.0
220,2.20,-11.919485,0.0,0.0
221,2.21,-12.515155,0.0,0.0
222,2.22,-11.88857,0.0,0.0
223,2.23,-11.896588,0.0,0.0
224,2.24,-11.720854,0.0,0.0
225,2.25,-10.967652,0.0,0.0
226,2.26,-11.024907,0.0,0.0
227,2.27,-11.421046,0.0,0.0
228,2.28,-10.422863,0.0,0.0
229,2.29,-9.763544,0.0,0.0
230,2.30,-10.429856,0.0,0.0
231,2.31,-10.120232,0.0,0.0
232,2.32,-9.557089,0.0,0.0
233,2.33,-9.472547,0.0,0.0
234,2.34,-8.838724,0.0,0.0
235,2.35,-8.534069,0.0,0.0
236,2.36,-7.862205,0.0,0.0
237,2.37,-7.460812,0.0,0.0
238,2.38,-8.223693,0.0,0.0
239,2.39,-7.344059,0.0,0.0
240,2.40,-7.360685,0.0,0.0
241,2.41,-7.369867,0.0,0.0
242,2.42,-7.039633,0.0,0.0
243,2.43,-7.464869,0.0,0.0
244,2.44,-7.178374,0.0,0.0
245,2.45,-7.390382,0.0,0.0
246,2.46,-7.333039,0.0,0.0
247,2.47,-6.940411,0.0,0.0
248,2.48,-7.345719,0.0,0.0
249,2.49,-7.718739,0.0,0.0
250,2.50,-8.052536,0.0,0.0
251,2.51,-7.788555,0.0,0.0
252,2.52,-8.257043,0.0,0.0
253,2.53,-8.784298,0.0,0.0
254,2.54,-8.529901,0.0,0.0
255,2.55,-9.31165,0.0,0.0
256,2.56,-9.208949,0.0,0.0
257,2.57,-9.477205,0.0,0.0
258,2.58,-9.884651,0.0,0.0
259,2.59,-9.886546,0.0,0.0
260,2.60,-10.638952,0.0,0.0
261,2.61,-10.933262,0.0,0.0
262,2.62,-10.91711,0.0,0.0
263,2.63,-11.183164,0.0,0.0
264,2.64,-11.269171,0.0,0.0
265,2.65,-11.736589,0.0,0.0
266,2.66,-11.82682,0.0,0.0
267,2.67,-11.707857,0.0,0.0
268,2.68,-12.452786,0.0,0.0
269,2.69,-12.437898,0.0,0.0
270,2.70,-12.160856,0.0,0.0
271,2.71,-12.561589,0.0,0.0
272,2.72,-12.680773,0.0,0.0
273,2.73,-12.561021,0.0,0.0
274,2.74,-12.27334,0.0,0.0
275,2.75,-11.924061,0.0,0.0
276,2.76,-11.938917,0.0,0.0
277,2.77,-11.653811,0.0,0.0
278,2.78,-11.401652,0.0,0.0
279,2.79,-11.285412,0.0,0.0
280,2.80,-11.125353,0.0,0.0
281,2.81,-11.065004,0.0,0.0
282,2.82,-10.622381,0.0,0.0
283,2.83,-10.046345,0.0,0.0
284,2.84,-9.735055,0.0,0.0
285,2.85,-9.642514,0.0,0.0
286,2.86,-9.614552,0.0,0.0
287,2.87,-9.275317,0.0,0.0
288,2.88,-8.938383,0.0,0.0
289,2.89,-8.334264,0.0,0.0
290,2.90,-7.880342,0.0,0.0
291,2.91,-7.825673,0.0,0.0
292,2.92,-8.449493,0.0,0.0
293,2.93,-7.667493,0.0,0.0
294,2.94,-7.549441,0.0,0.0
295,2.95,-7.520551,0.0,0.0
296,2.96,-6.98668,0.0,0.0
297,2.97,-7.372656,0.0,0.0
298,2.98,-7.454432,0.0,0.0
299,2.99,-7.329335,0.0,0.0
300,3.00,-6.769399,0.0,0.0
301,3.01,-6.959381,0.0,0.0
302,3.02,-7.219791,0.0,0.0
303,3.03,-7.3606,0.0,0.0
304,3.04,-7.726641,0.0,0.0
305,3.05,-8.188521,0.0,0.0
306,3.06,-8.040947,0.0,0.0
307,3.07,-8.204194,0.0,0.0
308,3.08,-8.865146,0.0,0.0
309,3.09,-8.976801,0.0,0.0
310,3.10,-8.728759,0.0,0.0
311,3.11,-9.189231,0.0,0.0
312,3.12,-9.87956,0.0,0.0
313,3.13,-9.942627,0.0,0.0
314,3.14,-10.473608,0.0,0.0
315,3.15,-10.464321,0.0,0.0
316,3.16,-11.216272,0.0,0.0
317,3.17,-11.238479,0.0,0.0
318,3.18,-11.593659,0.0,0.0
319,3.19,-11.521667,0.0,0.0
320,3.20,-11.485551,0.0,0.0
321,3.21,-11.433334,0.0,0.0
322,3.22,-12.226799,0.0,0.0
323,3.23,-12.605099,0.0,0.0
324,3.24,-12.404741,0.0,0.0
325,3.25,-12.002228,0.0,0.0
326,3.26,-12.602742,0.0,0.0
327,3.27,-12.132166,0.0,0.0
328,3.28,-12.534852,0.0,0.0
329,3.29,-12.535305,0.0,0.0
330,3.30,-12.360993,0.0,0.0
331,3.31,-11.994644,0.0,0.0
332,3.32,-11.813388,0.0,0.0
333,3.33,-11.584596,0.0,0.0
334,3.34,-11.447472,0.0,0.0
335,3.35,-11.062573,0.0,0.0
336,3.36,-11.026182,0.0,0.0
337,3.37,-10.475804,0.0,0.0
338,3.38,-10.159284,0.0,0.0
339,3.39,-10.044116,0.0,0.0
340,3.40,-9.960541,0.0,0.0
341,3.41,-9.723453,0.0,0.0
342,3.42,-9.106433,0.0,0.0
343,3.43,-8.90638,0.0,0.0
344,3.44,-9.291555,0.0,0.0
345,3.45,-8.701498,0.0,0.0
346,3.46,-8.275275,0.0,0.0
347,3.47,-8.165613,0.0,0.0
348,3.48,-7.620841,0.0,0.0
349,3.49,-7.735616,0.0,0.0
350,3.50,-7.644943,0.0,0.0
351,3.51,-6.816829,0.0,0.0
352,3.52,-7.474492,0.0,0.0
353,3.53,-7.206594,0.0,0.0
354,3.54,-7.371652,0.0,0.0
355,3.55,-7.30362,0.0,0.0
356,3.56,-7.436471,0.0,0.0
357,3.57,-7.347632,0.0,0.0
358,3.58,-7.437325,0.0,0.0
359,3.59,-7.365352,0.0,0.0
360,3.60,-7.980462,0.0,0.0
361,3.61,-7.730944,0.0,0.0
362,3.62,-8.826438,0.0,0.0
363,3.63,-8.215647,0.0,0.0
364,3.64,-9.081449,0.0,0.0
365,3.65,-9.160578,0.0,0.0
366,3.66,-9.008194,0.0,0.0
367,3.67,-9.170375,0.0,0.0
368,3.68,-9.765263,0.0,0.0
369,3.69,-9.95421,0.0,0.0
370,3.70,-10.564383,0.0,0.0
371,3.71,-10.145699,0.0,0.0
372,3.72,-11.515711,0.0,0.0
373,3.73,-10.953749,0.0,0.0
374,3.74,-11.7565,0.0,0.0
375,3.75,-11.632532,0.0,0.0
376,3.76,-11.619565,0.0,0.0
377,3.77,-12.237627,0.0,0.0
378,3.78,-11.869768,0.0,0.0
379,3.79,-12.109201,0.0,0.0
380,3.80,-12.294298,0.0,0.0
381,3.81,-12.112823,0.0,0.0
382,3.82,-11.992571,0.0,0.0
383,3.83,-12.152442,0.0,0.0
384,3.84,-12.442873,0.0,0.0
385,3.85,-12.00273,0.0,0.0
386,3.86,-12.025435,0.0,0.0
387,3.87,-12.260995,0.0,0.0
388,3.88,-11.672451,0.0,0.0
389,3.89,-11.440834,0.0,0.0
390,3.90,-11.524945,0.0,0.0
391,3.91,-11.088678,0.0,0.0
392,3.92,-11.180321,0.0,0.0
393,3.93,-10.492089,0.0,0.0
394,3.94,-10.379364,0.0,0.0
395,3.95,-10.256928,0.0,0.0
396,3.96,-9.394621,0.0,0.0
397,3.97,-9.425061,0.0,0.0
398,3.98,-9.519012,0.0,0.0
399,3.99,-8.665258,0.0,0.0
400,4.00,-9.036245,0.0,0.0
401,4.01,-8.639066,0.0,0.0
402,4.02,-8.01972,0.0,0.0
403,4.03,-7.943859,0.0,0.0
404,4.04,-7.579495,0.0,0.0
405,4.05,-7.543191,0.0,0.0
406,4.06,-7.478518,0.0,0.0
407,4.07,-7.164693,0.0,0.0
408,4.08,-7.387161,0.0,0.0
409,4.09,-7.481853,0.0,0.0
410,4.10,-7.347179,0.0,0.0
411,4.11,-7.136863,0.0,0.0
412,4.12,-7.063032,0.0,0.0
413,4.13,-7.623847,0.0,0.0
414,4.14,-7.941133,0.0,0.0
415,4.15,-7.740183,0.0,0.0
416,4.16,-7.54792,0.0,0.0
417,4.17,-7.990831,0.0,0.0
418,4.18,-8.069759,0.0,0.0
419,4.19,-8.626846,0.0,0.0
420,4.20,-8.655251,0.0,0.0
421,4.21,-8.982723,0.0,0.0
422,4.22,-9.354379,0.0,0.0
423,4.23,-9.562588,0.0,0.0
424,4.24,-10.234089,0.0,0.0
425,4.25,-10.138859,0.0,0.0
426,4.26,-11.052333,0.0,0.0
427,4.27,-11.192204,0.0,0.0
428,4.28,-11.330975,0.0,0.0
429,4.29,-11.37841,0.0,0.0
430,4.30,-11.549129,0.0,0.0
431,4.31,-11.721839,0.0,0.0
432,4.32,-12.222982,0.0,0.0
433,4.33,-12.191585,0.0,0.0
434,4.34,-12.248098,0.0,0.0
435,4.35,-12.674379,0.0,0.0
436,4.36,-11.959456,0.0,0.0
437,4.37,-12.456019,0.0,0.0
438,4.38,-12.315217,0.0,0.0
439,4.39,-12.576864,0.0,0.0
440,4.40,-12.207313,0.0,0.0
441,4.41,-12.404047,0.0,0.0
442,4.42,-11.745084,0.0,0.0
443,4.43,-11.898827,0.0,0.0
444,4.44,-12.173377,0.0,0.0
445,4.45,-11.643511,0.0,0.0
446,4.46,-11.037185,0.0,0.0
447,4.47,-10.66012,0.0,0.0
448,4.48,-10.690438,0.0,0.0
449,4.49,-10.509648,0.0,0.0
450,4.50,-9.978843,0.0,0.0
451,4.51,-9.787167,0.0,0.0
452,4.52,-9.81809,0.0,0.0
453,4.53,-9.166129,0.0,0.0
454,4.54,-9.412973,0.0,0.0
455,4.55,-8.775651,0.0,0.0
456,4.56,-8.851194,0.0,0.0
457,4.57,-8.169714,0.0,0.0
458,4.58,-8.205883,0.0,0.0
459,4.59,-7.782558,0.0,0.0
460,4.60,-7.421706,0.0,0.0
461,4.61,-7.836537,0.0,0.0
462,4.62,-7.441356,0.0,0.0
463,4.63,-7.759629,0.0,0.0
464,4.64,-7.10151,0.0,0.0
465,4.65,-7.318305,0.0,0.0
466,4.66,-7.555301,0.0,0.0
467,4.67,-7.065675,0.0,0.0
468,4.68,-7.424798,0.0,0.0
469,4.69,-7.471929,0.0,0.0
470,4.70,-7.671315,0.0,0.0
471,4.71,-7.933755,0.0,0.0
472,4.72,-7.818121,0.0,0.0
473,4.73,-8.307461,0.0,0.0
474,4.74,-8.745006,0.0,0.0
475,4.75,-8.67545,0.0,0.0
476,4.76,-8.991375,0.0,0.0
477,4.77,-9.408174,0.0,0.0
478,4.78,-9.612099,0.0,0.0
479,4.79,-10.272303,0.0,0.0
480,4.80,-9.962605,0.0,0.0
481,4.81,-10.297195,0.0,0.0
482,4.82,-10.768431,0.0,0.0
483,4.83,-10.900978,0.0,0.0
484,4.84,-10.731327,0.0,0.0
485,4.85,-11.890873,0.0,0.0
486,4.86,-11.778945,0.0,0.0
487,4.87,-11.9313,0.0,0.0
488,4.88,-12.215055,0.0,0.0
489,4.89,-12.747447,0.0,0.0
490,4.90,-12.109295,0.0,0.0
491,4.91,-12.692066,0.0,0.0
492,4.92,-12.60013,0.0,0.0
493,4.93,-12.591496,0.0,0.0
494,4.94,-12.011989,0.0,0.0
495,4.95,-12.480634,0.0,0.0
496,4.96,-12.069349,0.0,0.0
497,4.97,-12.401849,0.0,0.0
498,4.98,-11.897986,0.0,0.0
499,4.99,-11.978628,0.0,0.0
500,5.00,-11.8795,0.0,0.0
501,5.01,-11.264014,0.0,0.0
502,5.02,-10.980147,0.0,0.0
503,5.03,-10.331205,0.0,0.0
504,5.04,-10.450032,0.0,0.0
505,5.05,-10.387134,0.0,0.0
506,5.06,-10.15639,0.0,0.0
507,5.07,-9.085753,0.0,0.0
508,5.08,-9.470057,0.0,0.0
509,5.09,-8.949796,0.0,0.0
510,5.10,-8.549797,0.0,0.0
511,5.11,-8.572867,0.0,0.0
512,5.12,-8.419161,0.0,0.0
513,5.13,-8.44669,0.0,0.0
514,5.14,-7.801638,0.0,0.0
515,5.15,-7.103888,0.0,0.0
516,5.16,-7.628269,0.0,0.0
517,5.17,-7.116925,0.0,0.0
518,5.18,-7.479781,0.0,0.0
519,5.19,-7.023739,0.0,0.0
520,5.20,-7.270718,0.0,0.0
521,5.21,-6.81048,0.0,0.0
522,5.22,-7.030604,0.0,0.0
523,5.23,-7.430624,0.0,0.0
524,5.24,-6.785121,0.0,0.0
525,5.25,-7.776437,0.0,0.0
526,5.26,-8.275643,0.0,0.0
527,5.27,-7.995368,0.0,0.0
528,5.28,-8.458056,0.0,0.0
529,5.29,-8.383419,0.0,0.0
530,5.30,-8.856347,0.0,0.0
531,5.31,-9.027595,0.0,0.0
532,5.32,-9.276609,0.0,0.0
533,5.33,-9.598936,0.0,0.0
534,5.34,-10.058039,0.0,0.0
535,5.35,-10.132647,0.0,0.0
536,5.36,-10.305729,0.0,0.0
537,5.37,-10.821744,0.0,0.0
538,5.38,-11.103316,0.0,0.0
539,5.39,-11.16149,0.0,0.0
540,5.40,-11.821725,0.0,0.0
541,5.41,-11.857429,0.0,0.0
542,5.42,-11.708886,0.0,0.0
543,5.43,-12.100732,0.0,0.0
544,5.44,-12.239713,0.0,0.0
545,5.45,-11.602753,0.0,0.0
546,5.46,-12.343351,0.0,0.0
547,5.47,-12.466541,0.0,0.0
548,5.48,-12.604706,0.0,0.0
549,5.49,-12.369252,0.0,0.0
550,5.50,-13.090688,0.0,0.0
551,5.51,-12.728761,0.0,0.0
552,5.52,-11.91202,0.0,0.0
553,5.53,-11.939553,0.0,0.0
554,5.54,-11.482918,0.0,0.0
555,5.55,-11.69301,0.0,0.0
556,5.56,-11.087223,0.0,0.0
557,5.57,-11.022875,0.0,0.0
558,5.58,-10.185166,0.0,0.0
559,5.59,-11.040916,0.0,0.0
560,5.60,-10.087988,0.0,0.0
561,5.61,-9.847291,0.0,0.0
562,5.62,-9.96656,0.0,0.0
563,5.63,-9.144089,0.0,0.0
564,5.64,-8.772184,0.0,0.0
565,5.65,-8.637513,0.0,0.0
566,5.66,-8.260403,0.0,0.0
567,5.67,-8.370299,0.0,0.0
568,5.68,-7.623779,0.0,0.0
569,5.69,-8.031499,0.0,0.0
570,5.70,-7.677378,0.0,0.0
571,5.71,-7.666452,0.0,0.0
572,5.72,-7.510166,0.0,0.0
573,5.73,-7.387155,0.0,0.0
574,5.74,-7.476582,0.0,0.0
575,5.75,-7.303883,0.0,0.0
576,5.76,-7.183787,0.0,0.0
577,5.77,-7.391447,0.0,0.0
578,5.78,-7.118184,0.0,0.0
579,5.79,-7.635996,0.0,0.0
580,5.80,-7.783804,0.0,0.0
581,5.81,-7.663841,0.0,0.0
582,5.82,-7.826414,0.0,0.0
583,5.83,-8.589003,0.0,0.0
584,5.84,-8.66199,0.0,0.0
585,5.85,-8.53161,0.0,0.0
586,5.86,-9.215661,0.0,0.0
587,5.87,-9.384218,0.0,0.0
588,5.88,-10.081824,0.0,0.0
589,5.89,-9.55556,0.0,0.0
590,5.90,-10.474086,0.0,0.0
591,5.91,-10.3115,0.0,0.0
592,5.92,-10.287683,0.0,0.0
593,5.93,-10.956809,0.0,0.0
594,5.94,-10.878936,0.0,0.0
595,5.95,-11.496223,0.0,0.0
596,5.96,-11.950864,0.0,0.0
597,5.97,-12.141503,0.0,0.0
598,5.98,-12.110384,0.0,0.0
599,5.99,-11.770126,0.0,0.0
600,6.00,-11.841615,0.0,0.0
601,6.01,-12.293222,0.0,0.0
602,6.02,-12.156417,0.0,0.0
603,6.03,-12.219797,0.0,0.0
604,6.04,-12.802433,0.0,0.0
605,6.05,-12.101542,0.0,0.0
606,6.06,-12.457055,0.0,0.0
607,6.07,-12.292058,0.0,0.0
608,6.08,-11.900672,0.0,0.0
609,6.09,-10.933552,0.0,0.0
610,6.10,-11.608134,0.0,0.0
611,6.11,-11.119029,0.0,0.0
612,6.12,-11.401265,0.0,0.0
613,6.13,-10.62059,0.0,0.0
614,6.14,-10.505702,0.0,0.0
615,6.15,-10.214145,0.0,0.0
616,6.16,-10.21847,0.0,0.0
617,6.17,-9.737735,0.0,0.0
618,6.18,-9.681919,0.0,0.0
619,6.19,-9.232072,0.0,0.0
620,6.20,-8.926478,0.0,0.0
621,6.21,-8.867701,0.0,0.0
622,6.22,-8.20274,0.0,0.0
623,6.23,-7.776819,0.0,0.0
624,6.24,-7.412173,0.0,0.0
625,6.25,-7.028296,0.0,0.0
626,6.26,-7.456761,0.0,0.0
627,6.27,-7.588653,0.0,0.0
628,6.28,-7.286115,0.0,0.0
629,6.29,-7.360251,0.0,0.0
630,6.30,-6.980776,0.0,0.0
631,6.31,-7.084303,0.0,0.0
632,6.32,-7.4322,0.0,0.0
633,6.33,-7.34077,0.0,0.0
634,6.34,-7.564659,0.0,0.0
635,6.35,-8.227608,0.0,0.0
636,6.36,-7.785932,0.0,0.0
637,6.37,-8.015388,0.0,0.0
638,6.38,-8.017315,0.0,0.0
639,6.39,-8.487687,0.0,0.0
640,6.40,-8.887662,0.0,0.0
641,6.41,-8.748364,0.0,0.0
642,6.42,-8.923501,0.0,0.0
643,6.43,-9.970009,0.0,0.0
644,6.44,-9.761545,0.0,0.0
645,6.45,-10.041287,0.0,0.0
646,6.46,-10.62119,0.0,0.0
647,6.47,-11.097804,0.0,0.0
648,6.48,-11.241029,0.0,0.0
649,6.49,-11.626907,0.0,0.0
650,6.50,-11.280821,0.0,0.0
651,6.51,-11.742409,0.0,0.0
652,6.52,-12.087472,0.0,0.0
653,6.53,-12.285167,0.0,0.0
654,6.54,-12.562933,0.0,0.0
655,6.55,-12.501618,0.0,0.0
656,6.56,-12.342543,0.0,0.0
657,6.57,-12.462776,0.0,0.0
658,6.58,-12.490676,0.0,0.0
659,6.59,-12.524263,0.0,0.0
660,6.60,-12.249109,0.0,0.0
661,6.61,-12.174008,0.0,0.0
662,6.62,-11.843346,0.0,0.0
663,6.63,-11.628384,0.0,0.0
664,6.64,-11.915069,0.0,0.0
665,6.65,-11.460449,0.0,0.0
666,6.66,-11.21287,0.0,0.0
667,6.67,-11.19342,0.0,0.0
668,6.68,-10.567983,0.0,0.0
669,6.69,-10.281981,0.0,0.0
670,6.70,-9.76135,0.0,0.0
671,6.71,-10.302372,0.0,0.0
672,6.72,-9.542184,0.0,0.0
673,6.73,-8.789705,0.0,0.0
674,6.74,-8.92769,0.0,0.0
675,6.75,-8.841846,0.0,0.0
676,6.76,-8.101127,0.0,0.0
677,6.77,-8.038906,0.0,0.0
678,6.78,-7.575882,0.0,0.0
679,6.79,-7.672382,0.0,0.0
680,6.80,-7.367551,0.0,0.0
681,6.81,-7.272687,0.0,0.0
682,6.82,-7.697541,0.0,0.0
683,6.83,-6.955157,0.0,0.0
684,6.84,-7.415509,0.0,0.0
685,6.85,-7.310634,0.0,0.0
686,6.86,-7.281327,0.0,0.0
687,6.87,-7.166264,0.0,0.0
688,6.88,-7.286814,0.0,0.0
689,6.89,-7.885962,0.0,0.0
690,6.90,-7.765872,0.0,0.0
691,6.91,-8.036151,0.0,0.0
692,6.92,-8.325743,0.0,0.0
693,6.93,-8.668114,0.0,0.0
694,6.94,-8.782043,0.0,0.0
695,6.95,-8.970902,0.0,0.0
696,6.96,-8.887324,0.0,0.0
697,6.97,-9.61004,0.0,0.0
698,6.98,-9.939734,0.0,0.0
699,6.99,-10.469606,0.0,0.0
700,7.00,-10.436014,0.0,0.0
701,7.01,-10.272499,0.0,0.0
702,7.02,-11.252379,0.0,0.0
703,7.03,-11.374978,0.0,0.0
704,7.04,-11.981614,0.0,0.0
705,7.05,-11.946486,0.0,0.0
706,7.06,-12.186156,0.0,0.0
707,7.07,-12.031794,0.0,0.0
708,7.08,-12.124321,0.0,0.0
709,7.09,-12.428811,0.0,0.0
710,7.10,-12.562107,0.0,0.0
711,7.11,-12.490691,0.0,0.0
712,7.12,-12.346095,0.0,0.0
713,7.13,-12.346042,0.0,0.0
714,7.14,-12.564429,0.0,0.0
715,7.15,-12.129189,0.0,0.0
716,7.16,-12.254129,0.0,0.0
717,7.17,-11.550915,0.0,0.0
718,7.18,-11.63696,0.0,0.0
719,7.19,-11.311543,0.0,0.0
720,7.20,-10.963021,0.0,0.0
721,7.21,-11.331502,0.0,0.0
722,7.22,-9.888548,0.0,0.0
723,7.23,-10.251975,0.0,0.0
724,7.24,-10.14438,0.0,0.0
725,7.25,-9.851822,0.0,0.0
726,7.26,-8.979536,0.0,0.0
727,7.27,-8.63692,0.0,0.0
728,7.28,-8.304886,0.0,0.0
729,7.29,-8.415319,0.0,0.0
730,7.30,-8.313647,0.0,0.0
731,7.31,-7.573386,0.0,0.0
732,7.32,-7.636182,0.0,0.0
733,7.33,-7.756366,0.0,0.0
734,7.34,-7.678087,0.0,0.0
735,7.35,-7.149476,0.0,0.0
736,7.36,-7.014651,0.0,0.0
737,7.37,-7.62167,0.0,0.0
738,7.38,-7.220015,0.0,0.0
739,7.39,-7.005692,0.0,0.0
740,7.40,-7.659196,0.0,0.0
741,7.41,-7.218293,0.0,0.0
742,7.42,-7.517761,0.0,0.0
743,7.43,-7.886402,0.0,0.0
744,7.44,-7.703202,0.0,0.0
745,7.45,-8.083408,0.0,0.0
746,7.46,-8.893292,0.0,0.0
747,7.47,-8.766659,0.0,0.0
748,7.48,-8.783134,0.0,0.0
749,7.49,-9.494699,0.0,0.0
750,7.50,-9.49908,0.0,0.0
751,7.51,-9.864341,0.0,0.0
752,7.52,-10.341749,0.0,0.0
753,7.53,-10.397266,0.0,0.0
754,7.54,-10.87108,0.0,0.0
755,7.55,-11.676287,0.0,0.0
756,7.56,-11.660113,0.0,0.0
757,7.57,-11.792127,0.0,0.0
758,7.58,-11.365162,0.0,0.0
759,7.59,-12.176088,0.0,0.0
760,7.60,-11.97808,0.0,0.0
761,7.61,-11.895142,0.0,0.0
762,7.62,-12.452102,0.0,0.0
763,7.63,-12.389092,0.0,0.0
764,7.64,-12.603618,0.0,0.0
765,7.65,-12.378947,0.0,0.0
766,7.66,-12.377619,0.0,0.0
767,7.67,-12.429866,0.0,0.0
768,7.68,-11.844616,0.0,0.0
769,7.69,-11.907947,0.0,0.0
770,7.70,-11.449511,0.0,0.0
771,7.71,-11.630366,0.0,0.0
772,7.72,-11.295907,0.0,0.0
773,7.73,-11.04969,0.0,0.0
774,7.74,-10.696015,0.0,0.0
775,7.75,-10.476207,0.0,0.0
776,7.76,-9.947158,0.0,0.0
777,7.77,-9.282414,0.0,0.0
778,7.78,-9.656318,0.0,0.0
779,7.79,-8.611838,0.0,0.0
780,7.80,-8.588766,0.0,0.0
781,7.81,-8.851644,0.0,0.0
782,7.82,-8.273025,0.0,0.0
783,7.83,-7.62893,0.0,0.0
784,7.84,-7.873124,0.0,0.0
785,7.85,-7.52796,0.0,0.0
786,7.86,-7.322764,0.0,0.0
787,7.87,-7.477386,0.0,0.0
788,7.88,-7.197129,0.0,0.0
789,7.89,-7.256379,0.0,0.0
790,7.90,-7.378451,0.0,0.0
791,7.91,-7.273205,0.0,0.0
792,7.92,-7.099239,0.0,0.0
793,7.93,-7.406974,0.0,0.0
794,7.94,-7.661787,0.0,0.0
795,7.95,-7.781621,0.0,0.0
796,7.96,-8.449553,0.0,0.0
797,7.97,-7.8633,0.0,0.0
798,7.98,-8.763148,0.0,0.0
799,7.99,-8.76423,0.0,0.0
800,8.00,-8.966543,0.0,0.0
801,8.01,-9.172798,0.0,0.0
802,8.02,-9.321342,0.0,0.0
803,8.03,-9.827115,0.0,0.0
804,8.04,-9.871971,0.0,0.0
805,8.05,-10.455363,0.0,0.0
806,8.06,-10.841854,0.0,0.0
807,8.07,-11.25098,0.0,0.0
808,8.08,-11.724629,0.0,0.0
809,8.09,-11.392289,0.0,0.0
810,8.10,-11.807982,0.0,0.0
811,8.11,-12.426982,0.0,0.0
812,8.12,-12.150924,0.0,0.0
813,8.13,-12.250445,0.0,0.0
814,8.14,-12.685833,0.0,0.0
815,8.15,-12.536443,0.0,0.0
816,8.16,-12.568598,0.0,0.0
817,8.17,-12.178976,0.0,0.0
818,8.18,-12.43481,0.0,0.0
819,8.19,-12.187576,0.0,0.0
820,8.20,-12.270526,0.0,0.0
821,8.21,-11.829602,0.0,0.0
822,8.22,-11.394159,0.0,0.0
823,8.23,-11.005949,0.0,0.0
824,8.24,-11.495729,0.0,0.0
825,8.25,-10.618877,0.0,0.0
826,8.26,-10.620227,0.0,0.0
827,8.27,-10.043435,0.0,0.0
828,8.28,-10.297697,0.0,0.0
829,8.29,-9.659473,0.0,0.0
830,8.30,-9.438708,0.0,0.0
831,8.31,-9.108974,0.0,0.0
832,8.32,-8.912343,0.0,0.0
833,8.33,-8.732679,0.0,0.0
834,8.34,-8.271873,0.0,0.0
835,8.35,-8.150496,0.0,0.0
836,8.36,-7.966858,0.0,0.0
837,8.37,-7.758681,0.0,0.0
838,8.38,-7.256022,0.0,0.0
839,8.39,-7.209091,0.0,0.0
840,8.40,-7.0053,0.0,0.0
841,8.41,-7.077644,0.0,0.0
842,8.42,-6.99639,0.0,0.0
843,8.43,-7.275927,0.0,0.0
844,8.44,-7.400926,0.0,0.0
845,8.45,-7.107007,0.0,0.0
846,8.46,-7.797806,0.0,0.0
847,8.47,-7.038453,0.0,0.0
848,8.48,-7.481205,0.0,0.0
849,8.49,-7.971135,0.0,0.0
850,8.50,-8.390326,0.0,0.0
851,8.51,-8.89149,0.0,0.0
852,8.52,-9.480715,0.0,0.0
853,8.53,-9.238936,0.0,0.0
854,8.54,-9.801939,0.0,0.0
855,8.55,-9.999136,0.0,0.0
856,8.56,-10.345858,0.0,0.0
857,8.57,-10.717186,0.0,0.0
858,8.58,-10.590516,0.0,0.0
859,8.59,-11.033451,0.0,0.0
860,8.60,-11.22003,0.0,0.0
861,8.61,-11.423893,0.0,0.0
862,8.62,-12.035875,0.0,0.0
863,8.63,-11.795905,0.0,0.0
864,8.64,-12.172715,0.0,0.0
865,8.65,-12.311253,0.0,0.0
866,8.66,-12.636947,0.0,0.0
867,8.67,-12.347002,0.0,0.0
868,8.68,-12.447019,0.0,0.0
869,8.69,-12.234343,0.0,0.0
870,8.70,-12.431426,0.0,0.0
871,8.71,-11.82964,0.0,0.0
872,8.72,-12.048082,0.0,0.0
873,8.73,-11.645596,0.0,0.0
874,8.74,-11.778565,0.0,0.0
875,8.75,-11.390052,0.0,0.0
876,8.76,-11.008497,0.0,0.0
877,8.77,-11.03065,0.0,0.0
878,8.78,-10.238427,0.0,0.0
879,8.79,-10.293339,0.0,0.0
880,8.80,-10.150638,0.0,0.0
881,8.81,-9.438373,0.0,0.0
882,8.82,-9.176495,0.0,0.0
883,8.83,-8.336305,0.0,0.0
884,8.84,-8.485893,0.0,0.0
885,8.85,-7.80407,0.0,0.0
886,8.86,-8.261833,0.0,0.0
887,8.87,-8.062712,0.0,0.0
888,8.88,-7.288309,0.0,0.0
889,8.89,-7.602159,0.0,0.0
890,8.90,-7.75623,0.0,0.0
891,8.91,-7.472503,0.0,0.0
892,8.92,-7.277374,0.0,0.0
893,8.93,-7.216279,0.0,0.0
894,8.94,-7.216304,0.0,0.0
895,8.95,-7.475675,0.0,0.0
896,8.96,-7.37612,0.0,0.0
897,8.97,-7.737134,0.0,0.0
898,8.98,-7.581403,0.0,0.0
899,8.99,-8.078357,0.0,0.0
900,9.00,-8.358951,0.0,0.0
901,9.01,-8.501037,0.0,0.0
902,9.02,-8.804939,0.0,0.0
903,9.03,-9.039829,0.0,0.0
904,9.04,-9.027652,0.0,0.0
905,9.05,-9.465261,0.0,0.0
906,9.06,-9.701935,0.0,0.0
907,9.07,-9.756336,0.0,0.0
908,9.08,-10.000316,0.0,0.0
909,9.09,-10.207477,0.0,0.0
910,9.10,-11.28063,0.0,0.0
911,9.11,-11.311672,0.0,0.0
912,9.12,-11.645697,0.0,0.0
913,9.13,-11.766427,0.0,0.0
914,9.14,-12.174851,0.0,0.0
915,9.15,-11.73353,0.0,0.0
916,9.16,-12.529862,0.0,0.0
917,9.17,-12.489149,0.0,0.0
918,9.18,-12.594965,0.0,0.0
919,9.19,-12.823108,0.0,0.0
920,9.20,-12.479924,0.0,0.0
921,9.21,-12.598655,0.0,0.0
922,9.22,-12.570174,0.0,0.0
923,9.23,-11.908266,0.0,0.0
924,9.24,-11.549049,0.0,0.0
925,9.25,-11.81631,0.0,0.0
926,9.26,-11.0108,0.0,0.0
927,9.27,-11.181784,0.0,0.0
928,9.28,-11.438131,0.0,0.0
929,9.29,-10.373707,0.0,0.0
930,9.30,-10.216316,0.0,0.0
931,9.31,-9.883221,0.0,0.0
932,9.32,-9.900162,0.0,0.0
933,9.33,-9.525369,0.0,0.0
934,9.34,-9.422202,0.0,0.0
935,9.35,-8.763197,0.0,0.0
936,9.36,-8.395593,0.0,0.0
937,9.37,-8.275346,0.0,0.0
938,9.38,-8.280802,0.0,0.0
939,9.39,-7.738279,0.0,0.0
940,9.40,-7.375705,0.0,0.0
941,9.41,-7.366748,0.0,0.0
942,9.42,-7.513989,0.0,0.0
943,9.43,-7.456063,0.0,0.0
944,9.44,-7.529315,0.0,0.0
945,9.45,-6.986086,0.0,0.0
946,9.46,-7.061021,0.0,0.0
947,9.47,-7.149159,0.0,0.0
948,9.48,-7.360042,0.0,0.0
949,9.49,-7.65377,0.0,0.0
950,9.50,-7.57812,18.0,0.0
951,9.51,-8.146408,18.0,0.0
952,9.52,-8.676901,18.0,0.0
953,9.53,-8.416556,18.0,0.0
954,9.54,-8.589932,18.0,0.0
955,9.55,-9.01593,18.0,0.0
956,9.56,-9.152072,18.0,0.0
957,9.57,-9.401317,18.0,0.0
958,9.58,-10.070738,18.0,0.0
959,9.59,-10.326201,18.0,0.0
960,9.60,-10.637425,18.0,0.0
961,9.61,-11.014602,18.0,0.0
962,9.62,-11.272434,18.0,0.0
963,9.63,-11.169137,18.0,0.0
964,9.64,-11.73076,18.0,0.0
965,9.65,-11.75814,18.0,0.0
966,9.66,-12.012732,18.0,0.0
967,9.67,-12.402799,18.0,0.0
968,9.68,-12.738795,18.0,0.0
969,9.69,-12.302483,18.0,0.0
970,9.70,-12.422014,18.0,0.0
971,9.71,-12.657985,18.0,0.0
972,9.72,-12.036359,18.0,0.0
973,9.73,-12.234965,18.0,0.0
974,9.74,-11.852065,18.0,0.0
975,9.75,-12.213875,18.0,0.0
976,9.76,-12.021932,18.0,0.0
977,9.77,-11.581273,18.0,0.0
978,9.78,-11.600196,18.0,0.0
979,9.79,-11.023777,18.0,0.0
980,9.80,-10.900014,18.0,0.0
981,9.81,-10.476157,18.0,0.0
982,9.82,-10.17793,18.0,0.0
983,9.83,-10.032854,18.0,0.0
984,9.84,-9.58589,18.0,0.0
985,9.85,-9.074134,18.0,0.0
986,9.86,-8.991078,18.0,0.0
987,9.87,-8.799973,18.0,0.0
988,9.88,-8.09788,18.0,0.0
989,9.89,-8.241924,18.0,0.0
990,9.90,-7.693037,18.0,0.0
991,9.91,-7.780106,18.0,0.0
992,9.92,-7.444453,18.0,0.0
993,9.93,-7.576654,18.0,0.0
994,9.94,-7.503827,18.0,0.0
995,9.95,-7.227963,18.0,0.0
996,9.96,-7.258592,18.0,0.0
997,9.97,-7.47945,18.0,0.0
998,9.98,-7.656778,18.0,0.0
999,9.99,-8.046984,18.0,0.0
1000,10.00,-7.76805,18.0,0.0
1001,10.01,-7.54824,18.0,0.0
1002,10.02,-8.099073,18.0,0.0
1003,10.03,-7.980209,18.0,0.0
1004,10.04,-8.285212,18.0,0.0
1005,10.05,-8.89463,18.0,0.0
1006,10.06,-8.990153,18.0,0.0
1007,10.07,-9.197469,18.0,0.0
1008,10.08,-9.832218,18.0,0.0
1009,10.09,-9.967633,18.0,0.0
1010,10.10,-9.918238,18.0,0.0
1011,10.11,-10.492457,18.0,0.0
1012,10.12,-10.471497,18.0,0.0
1013,10.13,-11.167707,18.0,0.0
1014,10.14,-11.450991,18.0,0.0
1015,10.15,-11.544919,18.0,0.0
1016,10.16,-11.777979,18.0,0.0
1017,10.17,-11.386643,18.0,0.0
1018,10.18,-11.803651,18.0,0.0
1019,10.19,-12.234406,18.0,0.0
1020,10.20,-12.59612,18.0,0.0
1021,10.21,-12.44743,18.0,0.0
1022,10.22,-12.344467,18.0,0.0
1023,10.23,-12.475216,18.0,0.0
1024,10.24,-12.565212,18.0,0.0
1025,10.25,-12.352353,18.0,0.0
1026,10.26,-12.225903,18.0,0.0
1027,10.27,-11.600767,18.0,0.0
1028,10.28,-11.244198,18.0,0.0
1029,10.29,-11.362701,18.0,0.0
1030,10.30,-11.013569,18.0,0.0
1031,10.31,-10.996913,18.0,0.0
1032,10.32,-10.276705,18.0,0.0
1033,10.33,-10.228977,18.0,0.0
1034,10.34,-10.000131,18.0,0.0
1035,10.35,-9.70838,18.0,0.0
1036,10.36,-9.585523,18.0,0.0
1037,10.37,-8.909051,18.0,0.0
1038,10.38,-9.069639,18.0,0.0
1039,10.39,-8.545534,18.0,0.0
1040,10.40,-8.189684,18.0,0.0
1041,10.41,-7.788811,18.0,0.0
1042,10.42,-7.584216,18.0,0.0
1043,10.43,-7.797263,18.0,0.0
1044,10.44,-7.304904,18.0,0.0
1045,10.45,-7.133996,18.0,0.0
1046,10.46,-7.073935,18.0,0.0
1047,10.47,-7.348481,18.0,0.0
1048,10.48,-7.395698,18.0,0.0
1049,10.49,-7.067026,18.0,0.0
1050,10.50,-7.44475,18.0,0.0
1051,10.51,-7.27409,18.0,0.0
1052,10.52,-7.564109,18.0,0.0
1053,10.53,-7.701781,18.0,0.0
1054,10.54,-8.07331,18.0,0.0
1055,10.55,-7.947312,18.0,0.0
1056,10.56,-8.441624,18.0,0.0
1057,10.57,-8.722551,18.0,0.0
1058,10.58,-8.857737,18.0,0.0
1059,10.59,-9.021028,18.0,0.0
1060,10.60,-9.584909,18.0,0.0
1061,10.61,-9.700106,18.0,0.0
1062,10.62,-10.030447,18.0,0.0
1063,10.63,-10.730617,18.0,0.0
1064,10.64,-11.169409,18.0,0.0
1065,10.65,-11.345798,18.0,0.0
1066,10.66,-11.435584,18.0,0.0
1067,10.67,-12.082553,18.0,0.0
1068,10.68,-12.118012,18.0,0.0
1069,10.69,-12.061977,18.0,0.0
1070,10.70,-12.132611,18.0,0.0
1071,10.71,-12.674356,18.0,0.0
1072,10.72,-12.475779,18.0,0.0
1073,10.73,-12.82626,18.0,0.0
1074,10.74,-12.119513,18.0,0.0
1075,10.75,-12.289659,18.0,0.0
1076,10.76,-12.379057,18.0,0.0
1077,10.77,-12.237887,18.0,0.0
1078,10.78,-11.838057,18.0,0.0
1079,10.79,-12.250058,18.0,0.0
1080,10.80,-11.905175,18.0,0.0
1081,10.81,-11.373408,18.0,0.0
1082,10.82,-11.033001,18.0,0.0
1083,10.83,-10.902723,18.0,0.0
1084,10.84,-11.068502,18.0,0.0
1085,10.85,-10.38181,18.0,0.0
1086,10.86,-10.10392,18.0,0.0
1087,10.87,-10.048444,18.0,0.0
1088,10.88,-9.807943,18.0,0.0
1089,10.89,-9.087371,18.0,0.0
1090,10.90,-9.051755,18.0,0.0
1091,10.91,-8.508624,18.0,0.0
1092,10.92,-8.126455,18.0,0.0
1093,10.93,-8.305795,18.0,0.0
1094,10.94,-7.649798,18.0,0.0
1095,10.95,-7.583024,18.0,0.0
1096,10.96,-7.61819,18.0,0.0
1097,10.97,-7.139526,18.0,0.0
1098,10.98,-7.015723,18.0,0.0
1099,10.99,-7.298734,18.0,0.0
1100,11.00,-7.336235,18.0,0.0
1101,11.01,-7.33732,18.0,0.0
1102,11.02,-8.044996,18.0,0.0
1103,11.03,-7.63335,18.0,0.0
1104,11.04,-7.775239,18.0,0.0
1105,11.05,-7.943308,18.0,0.0
1106,11.06,-8.169091,18.0,0.0
1107,11.07,-8.448771,18.0,0.0
1108,11.08,-8.204291,18.0,0.0
1109,11.09,-8.784922,18.0,0.0
1110,11.10,-9.016551,18.0,0.0
1111,11.11,-9.266677,18.0,0.0
1112,11.12,-9.490264,18.0,0.0
1113,11.13,-9.874758,18.0,0.0
1114,11.14,-10.327362,18.0,0.0
1115,11.15,-11.076076,18.0,0.0
1116,11.16,-10.810446,18.0,0.0
1117,11.17,-11.070376,18.0,0.0
1118,11.18,-11.606011,18.0,0.0
1119,11.19,-11.890722,18.0,0.0
1120,11.20,-12.336839,18.0,0.0
1121,11.21,-12.041705,18.0,0.0
1122,11.22,-12.38511,18.0,0.0
1123,11.23,-12.515503,18.0,0.0
1124,11.24,-12.311218,18.0,0.0
1125,11.25,-12.763122,18.0,0.0
1126,11.26,-12.479967,18.0,0.0
1127,11.27,-12.306332,18.0,0.0
1128,11.28,-12.117916,18.0,0.0
1129,11.29,-11.999771,18.0,0.0
1130,11.30,-11.935526,18.0,0.0
1131,11.31,-12.232594,18.0,0.0
1132,11.32,-11.348066,18.0,0.0
1133,11.33,-11.391151,18.0,0.0
1134,11.34,-11.335043,18.0,0.0
1135,11.35,-11.130036,18.0,0.0
1136,11.36,-10.527199,18.0,0.0
1137,11.37,-10.353593,18.0,0.0
1138,11.38,-9.628536,18.0,0.0
1139,11.39,-9.48966,18.0,0.0
1140,11.40,-9.039385,18.0,0.0
1141,11.41,-9.1051,18.0,0.0
1142,11.42,-8.614807,18.0,0.0
1143,11.43,-8.226124,18.0,0.0
1144,11.44,-8.232379,18.0,0.0
1145,11.45,-8.254223,18.0,0.0
1146,11.46,-7.775304,18.0,0.0
1147,11.47,-7.440681,18.0,0.0
1148,11.48,-7.671399,18.0,0.0
1149,11.49,-7.313178,18.0,0.0
1150,11.50,-7.358917,18.0,0.0
1151,11.51,-7.18815,18.0,0.0
1152,11.52,-7.438344,18.0,0.0
1153,11.53,-7.40613,18.0,0.0
1154,11.54,-7.297544,18.0,0.0
1155,11.55,-7.661792,18.0,0.0
1156,11.56,-7.824594,18.0,0.0
1157,11.57,-8.106267,18.0,0.0
1158,11.58,-7.893349,18.0,0.0
1159,11.59,-7.975487,18.0,0.0
1160,11.60,-8.526444,18.0,0.0
1161,11.61,-8.921883,18.0,0.0
1162,11.62,-8.939387,18.0,0.0
1163,11.63,-9.048477,18.0,0.0
1164,11.64,-10.366708,18.0,0.0
1165,11.65,-9.764393,18.0,0.0
1166,11.66,-10.468478,18.0,0.0
1167,11.67,-10.42413,18.0,0.0
1168,11.68,-10.838154,18.0,0.0
1169,11.69,-11.40409,18.0,0.0
1170,11.70,-11.796144,18.0,0.0
1171,11.71,-12.011765,18.0,0.0
1172,11.72,-11.477719,18.0,0.0
1173,11.73,-12.007894,18.0,0.0
1174,11.74,-12.336823,18.0,0.0
1175,11.75,-12.240027,18.0,0.0
1176,11.76,-12.33492,18.0,0.0
1177,11.77,-12.393604,18.0,0.0
1178,11.78,-12.496555,18.0,0.0
1179,11.79,-12.723626,18.0,0.0
1180,11.80,-12.657116,18.0,0.0
1181,11.81,-11.949321,18.0,0.0
1182,11.82,-12.131261,18.0,0.0
1183,11.83,-11.918939,18.0,0.0
1184,11.84,-11.974281,18.0,0.0
1185,11.85,-11.254447,18.0,0.0
1186,11.86,-11.418642,18.0,0.0
1187,11.87,-10.967225,18.0,0.0
1188,11.88,-10.645485,18.0,0.0
1189,11.89,-10.628871,18.0,0.0
1190,11.90,-10.022942,18.0,0.0
1191,11.91,-9.668864,18.0,0.0
1192,11.92,-9.341609,18.0,0.0
1193,11.93,-9.316203,18.0,0.0
1194,11.94,-8.879214,18.0,0.0
1195,11.95,-8.309642,18.0,0.0
1196,11.96,-8.036771,18.0,0.0
1197,11.97,-8.082594,18.0,0.0
1198,11.98,-7.632501,18.0,0.0
1199,11.99,-7.449558,18.0,0.0
1200,12.00,-7.514525,18.0,0.0
1201,12.01,-7.09748,18.0,0.0
1202,12.02,-7.222343,18.0,0.0
1203,12.03,-7.625232,18.0,0.0
1204,12.04,-6.531992,18.0,0.0
1205,12.05,-7.522928,18.0,0.0
1206,12.06,-7.358229,18.0,0.0
1207,12.07,-7.4375,18.0,0.0
1208,12.08,-7.760495,18.0,0.0
1209,12.09,-7.687679,18.0,0.0
1210,12.10,-7.868066,18.0,0.0
1211,12.11,-8.352693,18.0,0.0
1212,12.12,-8.126817,18.0,0.0
1213,12.13,-8.113917,18.0,0.0
1214,12.14,-8.679664,18.0,0.0
1215,12.15,-8.881775,18.0,0.0
1216,12.16,-9.231374,18.0,0.0
1217,12.17,-9.870856,18.0,0.0
1218,12.18,-9.652301,18.0,0.0
1219,12.19,-10.139138,18.0,0.0
1220,12.20,-10.456903,18.0,0.0
1221,12.21,-10.445956,18.0,0.0
1222,12.22,-10.889977,18.0,0.0
1223,12.23,-11.41953,18.0,0.0
1224,12.24,-11.591386,18.0,0.0
1225,12.25,-11.511115,18.0,0.0
1226,12.26,-11.813967,18.0,0.0
1227,12.27,-12.504151,18.0,0.0
1228,12.28,-11.849631,18.0,0.0
1229,12.29,-12.099977,18.0,0.0
1230,12.30,-11.854401,18.0,0.0
1231,12.31,-12.364315,18.0,0.0
1232,12.32,-12.801556,18.0,0.0
1233,12.33,-12.422996,18.0,0.0
1234,12.34,-12.33564,18.0,0.0
1235,12.35,-11.974543,18.0,0.0
1236,12.36,-11.176224,18.0,0.0
1237,12.37,-11.739695,18.0,0.0
1238,12.38,-11.012674,18.0,0.0
1239,12.39,-11.279092,18.0,0.0
1240,12.40,-10.647238,18.0,0.0
1241,12.41,-10.078769,18.0,0.0
1242,12.42,-10.395845,18.0,0.0
1243,12.43,-9.647538,18.0,0.0
1244,12.44,-9.729279,18.0,0.0
1245,12.45,-9.138549,18.0,0.0
1246,12.46,-8.812958,18.0,0.0
1247,12.47,-8.853845,18.0,0.0
1248,12.48,-9.074399,18.0,0.0
1249,12.49,-8.070838,18.0,0.0
1250,12.50,-8.414704,18.0,0.0
1251,12.51,-8.205194,18.0,0.0
1252,12.52,-7.599398,18.0,0.0
1253,12.53,-7.768771,18.0,0.0
1254,12.54,-7.154057,18.0,0.0
1255,12.55,-6.825384,18.0,0.0
1256,12.56,-7.084105,18.0,0.0
1257,12.57,-6.993988,18.0,0.0
1258,12.58,-6.982623,18.0,0.0
1259,12.59,-7.598909,18.0,0.0
1260,12.60,-7.53293,18.0,0.0
1261,12.61,-8.091328,18.0,0.0
1262,12.62,-7.113346,18.0,0.0
1263,12.63,-8.238616,18.0,0.0
1264,12.64,-7.791254,18.0,0.0
1265,12.65,-8.324127,18.0,0.0
1266,12.66,-8.911597,18.0,0.0
1267,12.67,-8.40132,18.0,0.0
1268,12.68,-9.141082,18.0,0.0
1269,12.69,-8.910221,18.0,0.0
1270,12.70,-10.048265,18.0,0.0
1271,12.71,-9.906482,18.0,0.0
1272,12.72,-10.079495,18.0,0.0
1273,12.73,-10.848443,18.0,0.0
1274,12.74,-11.173972,18.0,0.0
1275,12.75,-10.890888,18.0,0.0
1276,12.76,-11.645412,18.0,0.0
1277,12.77,-12.033501,18.0,0.0
1278,12.78,-11.674552,18.0,0.0
1279,12.79,-12.132184,18.0,0.0
1280,12.80,-11.87304,18.0,0.0
1281,12.81,-12.194585,18.0,0.0
1282,12.82,-12.45184,18.0,0.0
1283,12.83,-12.452702,18.0,0.0
1284,12.84,-12.232404,18.0,0.0
1285,12.85,-11.852481,18.0,0.0
1286,12.86,-11.863448,18.0,0.0
1287,12.87,-12.535717,18.0,0.0
1288,12.88,-12.236197,18.0,0.0
1289,12.89,-12.079982,18.0,0.0
1290,12.90,-11.673769,18.0,0.0
1291,12.91,-11.456115,18.0,0.0
1292,12.92,-11.226631,18.0,0.0
1293,12.93,-10.489988,18.0,0.0
1294,12.94,-10.696555,18.0,0.0
1295,12.95,-10.542864,18.0,0.0
1296,12.96,-10.154481,18.0,0.0
1297,12.97,-9.924126,18.0,0.0
1298,12.98,-9.579319,18.0,0.0
1299,12.99,-8.885072,18.0,0.0
1300,13.00,-8.822379,18.0,0.0
1301,13.01,-9.239595,18.0,0.0
1302,13.02,-7.78581,18.0,0.0
1303,13.03,-7.997735,18.0,0.0
1304,13.04,-8.380042,18.0,0.0
1305,13.05,-7.850998,18.0,0.0
1306,13.06,-7.70923,18.0,0.0
1307,13.07,-7.432419,18.0,0.0
1308,13.08,-7.418927,18.0,0.0
1309,13.09,-7.833836,18.0,0.0
1310,13.10,-7.356069,18.0,0.0
1311,13.11,-6.800489,18.0,0.0
1312,13.12,-7.626829,18.0,0.0
1313,13.13,-6.862582,18.0,0.0
1314,13.14,-7.765707,18.0,0.0
1315,13.15,-7.797789,18.0,0.0
1316,13.16,-7.795275,18.0,0.0
1317,13.17,-8.120208,18.0,0.0
1318,13.18,-8.257004,18.0,0.0
1319,13.19,-8.291595,18.0,0.0
1320,13.20,-8.629498,18.0,0.0
1321,13.21,-8.285657,18.0,0.0
1322,13.22,-9.287298,18.0,0.0
1323,13.23,-9.399649,18.0,0.0
1324,13.24,-9.975289,18.0,0.0
1325,13.25,-10.54145,18.0,0.0
1326,13.26,-10.723676,18.0,0.0
1327,13.27,-10.536543,18.0,0.0
1328,13.28,-10.831814,18.0,0.0
1329,13.29,-11.228696,18.0,0.0
1330,13.30,-11.130943,18.0,0.0
1331,13.31,-12.235648,18.0,0.0
1332,13.32,-12.035573,18.0,0.0
1333,13.33,-12.11649,18.0,0.0
1334,13.34,-12.119674,18.0,0.0
1335,13.35,-12.602665,18.0,0.0
1336,13.36,-12.094302,18.0,0.0
1337,13.37,-12.601824,18.0,0.0
1338,13.38,-12.349447,18.0,0.0
1339,13.39,-12.522289,18.0,0.0
1340,13.40,-12.569066,18.0,0.0
1341,13.41,-12.34706,18.0,0.0
1342,13.42,-11.816001,18.0,0.0
1343,13.43,-12.02786,18.0,0.0
1344,13.44,-11.975726,18.0,0.0
1345,13.45,-11.082623,18.0,0.0
1346,13.46,-11.227857,18.0,0.0
1347,13.47,-11.229217,18.0,0.0
1348,13.48,-10.326451,18.0,0.0
1349,13.49,-10.322816,18.0,0.0
1350,13.50,-10.456329,18.0,0.0
1351,13.51,-10.240791,18.0,0.0
1352,13.52,-9.741788,18.0,0.0
1353,13.53,-9.097227,18.0,0.0
1354,13.54,-8.886813,18.0,0.0
1355,13.55,-8.628919,18.0,0.0
1356,13.56,-8.513059,18.0,0.0
1357,13.57,-7.933523,18.0,0.0
1358,13.58,-7.827706,18.0,0.0
1359,13.59,-7.310643,18.0,0.0
1360,13.60,-7.607925,18.0,0.0
1361,13.61,-7.354592,18.0,0.0
1362,13.62,-7.04824,18.0,0.0
1363,13.63,-7.23413,18.0,0.0
1364,13.64,-7.650976,18.0,0.0
1365,13.65,-7.040484,18.0,0.0
1366,13.66,-7.021742,18.0,0.0
1367,13.67,-6.822371,18.0,0.0
1368,13.68,-7.778717,18.0,0.0
1369,13.69,-7.622395,18.0,0.0
1370,13.70,-8.315499,18.0,0.0
1371,13.71,-7.827188,18.0,0.0
1372,13.72,-8.133369,18.0,0.0
1373,13.73,-8.453704,18.0,0.0
1374,13.74,-8.593042,18.0,0.0
1375,13.75,-9.168322,18.0,0.0
1376,13.76,-9.188301,18.0,0.0
1377,13.77,-8.977044,18.0,0.0
1378,13.78,-10.113151,18.0,0.0
1379,13.79,-10.284925,18.0,0.0
1380,13.80,-10.375787,18.0,0.0
1381,13.81,-10.474623,18.0,0.0
1382,13.82,-10.983635,18.0,0.0
1383,13.83,-11.361,18.0,0.0
1384,13.84,-11.803619,18.0,0.0
1385,13.85,-12.044738,18.0,0.0
1386,13.86,-11.878047,18.0,0.0
1387,13.87,-12.283692,18.0,0.0
1388,13.88,-12.256433,18.0,0.0
1389,13.89,-12.045364,18.0,0.0
1390,13.90,-12.730613,18.0,0.0
1391,13.91,-12.579219,18.0,0.0
1392,13.92,-12.407763,18.0,0.0
1393,13.93,-12.37694,18.0,0.0
1394,13.94,-12.464456,18.0,0.0
1395,13.95,-12.632632,18.0,0.0
1396,13.96,-12.146958,18.0,0.0
1397,13.97,-12.221275,18.0,0.0
1398,13.98,-11.503666,18.0,0.0
1399,13.99,-11.063409,18.0,0.0
1400,14.00,-11.714382,18.0,0.0
1401,14.01,-11.117943,18.0,0.0
1402,14.02,-10.517903,18.0,0.0
1403,14.03,-10.619896,18.0,0.0
1404,14.04,-10.134592,18.0,0.0
1405,14.05,-9.831409,18.0,0.0
1406,14.06,-9.183303,18.0,0.0
1407,14.07,-9.176739,18.0,0.0
1408,14.08,-8.612209,18.0,0.0
1409,14.09,-8.256411,18.0,0.0
1410,14.10,-8.263523,18.0,0.0
1411,14.11,-8.220876,18.0,0.0
1412,14.12,-7.574573,18.0,0.0
1413,14.13,-7.47875,18.0,0.0
1414,14.14,-7.945509,18.0,0.0
1415,14.15,-7.385946,18.0,0.0
1416,14.16,-7.171595,18.0,0.0
1417,14.17,-7.413156,18.0,0.0
1418,14.18,-7.26009,18.0,0.0
1419,14.19,-7.378257,18.0,0.0
1420,14.20,-7.369124,18.0,0.0
1421,14.21,-7.576209,18.0,0.0
1422,14.22,-7.404439,18.0,0.0
1423,14.23,-7.860807,18.0,0.0
1424,14.24,-7.917729,18.0,0.0
1425,14.25,-8.000159,18.0,0.0
1426,14.26,-8.087974,18.0,0.0
1427,14.27,-8.375399,18.0,0.0
1428,14.28,-8.394253,18.0,0.0
1429,14.29,-9.096345,18.0,0.0
1430,14.30,-8.93523,18.0,0.0
1431,14.31,-10.153519,18.0,0.0
1432,14.32,-9.507109,18.0,0.0
1433,14.33,-10.108413,18.0,0.0
1434,14.34,-10.664002,18.0,0.0
1435,14.35,-10.780188,18.0,0.0
1436,14.36,-11.091817,18.0,0.0
1437,14.37,-11.338259,18.0,0.0
1438,14.38,-11.062971,18.0,0.0
1439,14.39,-11.66141,18.0,0.0
1440,14.40,-12.1256,18.0,0.0
1441,14.41,-11.997011,18.0,0.0
1442,14.42,-11.93808,18.0,0.0
1443,14.43,-12.415413,18.0,0.0
1444,14.44,-12.284367,18.0,0.0
1445,14.45,-12.395973,18.0,0.0
1446,14.46,-12.185167,18.0,0.0
1447,14.47,-12.285973,18.0,0.0
1448,14.48,-12.522285,18.0,0.0
1449,14.49,-11.804642,18.0,0.0
1450,14.50,-11.910685,18.0,0.0
1451,14.51,-11.778648,18.0,0.0
1452,14.52,-11.604827,18.0,0.0
1453,14.53,-11.38803,18.0,0.0
1454,14.54,-11.081866,18.0,0.0
1455,14.55,-11.073297,18.0,0.0
1456,14.56,-11.061844,18.0,0.0
1457,14.57,-10.37424,18.0,0.0
1458,14.58,-10.406252,18.0,0.0
1459,14.59,-9.438392,18.0,0.0
1460,14.60,-9.804852,18.0,0.0
1461,14.61,-8.959683,18.0,0.0
1462,14.62,-8.835538,18.0,0.0
1463,14.63,-8.550992,18.0,0.0
1464,14.64,-8.562998,18.0,0.0
1465,14.65,-8.16837,18.0,0.0
1466,14.66,-8.313003,18.0,0.0
1467,14.67,-7.853436,18.0,0.0
1468,14.68,-7.573608,18.0,0.0
1469,14.69,-7.469551,18.0,0.0
1470,14.70,-7.611457,18.0,0.0
1471,14.71,-6.9121,18.0,0.0
1472,14.72,-7.553008,18.0,0.0
1473,14.73,-7.19635,18.0,0.0
1474,14.74,-7.11473,18.0,0.0
1475,14.75,-7.318054,18.0,0.0
1476,14.76,-7.866776,18.0,0.0
1477,14.77,-8.157257,18.0,0.0
1478,14.78,-8.012023,18.0,0.0
1479,14.79,-7.806773,18.0,0.0
1480,14.80,-8.463925,18.0,0.0
1481,14.81,-8.069789,18.0,0.0
1482,14.82,-9.512379,18.0,0.0
1483,14.83,-9.06196,18.0,0.0
1484,14.84,-8.754286,18.0,0.0
1485,14.85,-9.776884,18.0,0.0
1486,14.86,-9.769664,18.0,0.0
1487,14.87,-10.096078,18.0,0.0
1488,14.88,-10.475754,18.0,0.0
1489,14.89,-11.166487,18.0,0.0
1490,14.90,-10.814293,18.0,0.0
1491,14.91,-11.348519,18.0,0.0
1492,14.92,-11.539679,18.0,0.0
1493,14.93,-11.535876,18.0,0.0
1494,14.94,-11.822865,18.0,0.0
1495,14.95,-11.923303,18.0,0.0
1496,14.96,-12.277959,18.0,0.0
1497,14.97,-12.596003,18.0,0.0
1498,14.98,-12.241959,18.0,0.0
1499,14.99,-12.682448,18.0,0.0
1500,15.00,-12.640764,18.0,0.0
1501,15.01,-12.322209,18.0,0.0
1502,15.02,-12.085439,18.0,0.0
1503,15.03,-11.71759,18.0,0.0
1504,15.04,-12.559504,18.0,0.0
1505,15.05,-11.610601,18.0,0.0
1506,15.06,-11.76444,18.0,0.0
1507,15.07,-11.584039,18.0,0.0
1508,15.08,-11.367959,18.0,0.0
1509,15.09,-11.035819,18.0,0.0
1510,15.10,-10.62281,18.0,0.0
1511,15.11,-10.258837,18.0,0.0
1512,15.12,-10.021785,18.0,0.0
1513,15.13,-9.878615,18.0,0.0
1514,15.14,-9.381272,18.0,0.0
1515,15.15,-9.31455,18.0,0.0
1516,15.16,-8.117554,18.0,0.0
1517,15.17,-8.409076,18.0,0.0
1518,15.18,-8.219039,18.0,0.0
1519,15.19,-7.90805,18.0,0.0
1520,15.20,-8.10351,18.0,0.0
1521,15.21,-7.630279,18.0,0.0
1522,15.22,-7.465201,18.0,0.0
1523,15.23,-7.2182,18.0,0.0
1524,15.24,-7.393741,18.0,0.0
1525,15.25,-7.473933,18.0,0.0
1526,15.26,-7.157099,18.0,0.0
1527,15.27,-7.260773,18.0,0.0
1528,15.28,-7.400041,18.0,0.0
1529,15.29,-7.005267,18.0,0.0
1530,15.30,-7.049961,18.0,0.0
1531,15.31,-7.481282,18.0,0.0
1532,15.32,-7.72586,18.0,0.0
1533,15.33,-7.869425,18.0,0.0
1534,15.34,-7.916823,18.0,0.0
1535,15.35,-8.460847,18.0,0.0
1536,15.36,-8.570765,18.0,0.0
1537,15.37,-9.324878,18.0,0.0
1538,15.38,-9.318046,18.0,0.0
1539,15.39,-9.720921,18.0,0.0
1540,15.40,-9.803333,18.0,0.0
1541,15.41,-10.085314,18.0,0.0
1542,15.42,-10.764337,18.0,0.0
1543,15.43,-10.942462,18.0,0.0
1544,15.44,-10.758459,18.0,0.0
1545,15.45,-10.973166,18.0,0.0
1546,15.46,-11.608989,18.0,0.0
1547,15.47,-11.504538,18.0,0.0
1548,15.48,-11.911982,18.0,0.0
1549,15.49,-12.031782,18.0,0.0
1550,15.50,-12.164071,18.0,0.0
1551,15.51,-11.938767,18.0,0.0
1552,15.52,-12.329842,18.0,0.0
1553,15.53,-12.36173,18.0,0.0
1554,15.54,-12.376245,18.0,0.0
1555,15.55,-12.389235,18.0,0.0
1556,15.56,-12.096865,18.0,0.0
1557,15.57,-12.497962,18.0,0.0
1558,15.58,-11.529165,18.0,0.0
1559,15.59,-12.071375,18.0,0.0
1560,15.60,-11.558078,18.0,0.0
1561,15.61,-11.211037,18.0,0.0
1562,15.62,-11.141461,18.0,0.0
1563,15.63,-11.621508,18.0,0.0
1564,15.64,-10.799209,18.0,0.0
1565,15.65,-10.468701,18.0,0.0
1566,15.66,-9.977071,18.0,0.0
1567,15.67,-9.691143,18.0,0.0
1568,15.68,-9.318838,18.0,0.0
1569,15.69,-9.189267,18.0,0.0
1570,15.70,-8.657985,18.0,0.0
1571,15.71,-8.632416,18.0,0.0
1572,15.72,-8.166455,18.0,0.0
1573,15.73,-7.932526,18.0,0.0
1574,15.74,-7.892637,18.0,0.0
1575,15.75,-7.428491,18.0,0.0
1576,15.76,-7.373271,18.0,0.0
1577,15.77,-7.395659,18.0,0.0
1578,15.78,-7.461993,18.0,0.0
1579,15.79,-7.196609,18.0,0.0
1580,15.80,-7.06197,18.0,0.0
1581,15.81,-7.518372,18.0,0.0
1582,15.82,-7.467745,18.0,0.0
1583,15.83,-7.268691,18.0,0.0
1584,15.84,-7.590977,18.0,0.0
1585,15.85,-7.288007,18.0,0.0
1586,15.86,-7.394293,18.0,0.0
1587,15.87,-7.919629,18.0,0.0
1588,15.88,-8.214047,18.0,0.0
1589,15.89,-8.767613,18.0,0.0
1590,15.90,-8.963911,18.0,0.0
1591,15.91,-8.715393,18.0,0.0
1592,15.92,-9.109676,18.0,0.0
1593,15.93,-9.076892,18.0,0.0
1594,15.94,-9.776613,18.0,0.0
1595,15.95,-9.870863,18.0,0.0
1596,15.96,-10.146848,18.0,0.0
1597,15.97,-10.704181,18.0,0.0
1598,15.98,-10.667545,18.0,0.0
1599,15.99,-11.831722,18.0,0.0
1600,16.00,-12.103336,18.0,0.0
1601,16.01,-11.351446,18.0,0.0
1602,16.02,-12.179141,18.0,0.0
1603,16.03,-11.673309,18.0,0.0
1604,16.04,-11.810472,18.0,0.0
1605,16.05,-12.415053,18.0,0.0
1606,16.06,-12.748798,18.0,0.0
1607,16.07,-12.343571,18.0,0.0
1608,16.08,-12.040011,18.0,0.0
1609,16.09,-12.408209,18.0,0.0
1610,16.10,-11.801638,18.0,0.0
1611,16.11,-12.163486,18.0,0.0
1612,16.12,-11.987128,18.0,0.0
1613,16.13,-12.064186,18.0,0.0
1614,16.14,-11.926361,18.0,0.0
1615,16.15,-11.543977,18.0,0.0
1616,16.16,-11.180799,18.0,0.0
1617,16.17,-10.755744,18.0,0.0
1618,16.18,-11.049956,18.0,0.0
1619,16.19,-9.870111,18.0,0.0
1620,16.20,-10.128926,18.0,0.0
1621,16.21,-9.78046,18.0,0.0
1622,16.22,-9.247883,18.0,0.0
1623,16.23,-9.496118,18.0,0.0
1624,16.24,-8.892325,18.0,0.0
1625,16.25,-8.516476,18.0,0.0
1626,16.26,-8.567629,18.0,0.0
1627,16.27,-7.536829,18.0,0.0
1628,16.28,-7.995134,18.0,0.0
1629,16.29,-7.809199,18.0,0.0
1630,16.30,-7.454225,18.0,0.0
1631,16.31,-7.296431,18.0,0.0
1632,16.32,-7.415602,18.0,0.0
1633,16.33,-7.073214,18.0,0.0
1634,16.34,-7.193051,18.0,0.0
1635,16.35,-7.230315,18.0,0.0
1636,16.36,-7.132858,18.0,0.0
1637,16.37,-7.138619,18.0,0.0
1638,16.38,-7.756767,18.0,0.0
1639,16.39,-7.430428,18.0,0.0
1640,16.40,-7.432394,18.0,0.0
1641,16.41,-7.523999,18.0,0.0
1642,16.42,-8.086686,18.0,0.0
1643,16.43,-8.962329,18.0,0.0
1644,16.44,-9.071548,18.0,0.0
1645,16.45,-8.988128,18.0,0.0
1646,16.46,-9.553707,18.0,0.0
1647,16.47,-9.710712,18.0,0.0
1648,16.48,-10.150182,18.0,0.0
1649,16.49,-10.178768,18.0,0.0
1650,16.50,-10.363794,18.0,0.0
1651,16.51,-10.816431,18.0,0.0
1652,16.52,-10.970232,18.0,0.0
1653,16.53,-11.468856,18.0,0.0
1654,16.54,-11.445699,18.0,0.0
1655,16.55,-12.146328,18.0,0.0
1656,16.56,-12.271026,18.0,0.0
1657,16.57,-12.116098,18.0,0.0
1658,16.58,-12.000221,18.0,0.0
1659,16.59,-12.424454,18.0,0.0
1660,16.60,-12.350514,18.0,0.0
1661,16.61,-12.438126,18.0,0.0
1662,16.62,-12.336862,18.0,0.0
1663,16.63,-12.325067,18.0,0.0
1664,16.64,-12.140551,18.0,0.0
1665,16.65,-12.351611,18.0,0.0
1666,16.66,-11.538866,18.0,0.0
1667,16.67,-11.973605,18.0,0.0
1668,16.68,-11.454244,18.0,0.0
1669,16.69,-11.426796,18.0,0.0
1670,16.70,-10.593721,18.0,0.0
1671,16.71,-10.944555,18.0,0.0
1672,16.72,-10.548938,18.0,0.0
1673,16.73,-10.531896,18.0,0.0
1674,16.74,-9.917264,18.0,0.0
1675,16.75,-9.29848,18.0,0.0
1676,16.76,-9.031926,18.0,0.0
1677,16.77,-8.940401,18.0,0.0
1678,16.78,-8.4247,18.0,0.0
1679,16.79,-8.168188,18.0,0.0
1680,16.80,-7.979084,18.0,0.0
1681,16.81,-7.214801,18.0,0.0
1682,16.82,-7.699656,18.0,0.0
1683,16.83,-7.564204,18.0,0.0
1684,16.84,-7.546921,18.0,0.0
1685,16.85,-6.969655,18.0,0.0
1686,16.86,-7.661942,18.0,0.0
1687,16.87,-7.226659,18.0,0.0
1688,16.88,-7.197185,18.0,0.0
1689,16.89,-7.649174,18.0,0.0
1690,16.90,-7.352419,18.0,0.0
1691,16.91,-8.177268,18.0,0.0
1692,16.92,-7.696851,18.0,0.0
1693,16.93,-8.026135,18.0,0.0
1694,16.94,-7.861786,18.0,0.0
1695,16.95,-8.331945,18.0,0.0
1696,16.96,-8.446074,18.0,0.0
1697,16.97,-8.732248,18.0,0.0
1698,16.98,-8.499911,18.0,0.0
1699,16.99,-9.45743,18.0,0.0
1700,17.00,-9.667199,18.0,0.0
1701,17.01,-10.088424,18.0,0.0
1702,17.02,-10.217212,18.0,0.0
1703,17.03,-10.313647,18.0,0.0
1704,17.04,-10.803285,18.0,0.0
1705,17.05,-11.074649,18.0,0.0
1706,17.06,-11.150104,18.0,0.0
1707,17.07,-11.428763,18.0,0.0
1708,17.08,-12.131518,18.0,0.0
1709,17.09,-12.227837,18.0,0.0
1710,17.10,-12.099903,18.0,0.0
1711,17.11,-12.026994,18.0,0.0
1712,17.12,-12.424689,18.0,0.0
1713,17.13,-12.615738,18.0,0.0
1714,17.14,-12.687575,18.0,0.0
1715,17.15,-12.662056,18.0,0.0
1716,17.16,-12.295863,18.0,0.0
1717,17.17,-12.073567,18.0,0.0
1718,17.18,-11.686947,18.0,0.0
1719,17.19,-12.140148,18.0,0.0
1720,17.20,-11.920589,18.0,0.0
1721,17.21,-11.506471,18.0,0.0
1722,17.22,-10.958018,18.0,0.0
1723,17.23,-10.73311,18.0,0.0
1724,17.24,-11.099862,18.0,0.0
1725,17.25,-10.564211,18.0,0.0
1726,17.26,-9.988355,18.0,0.0
1727,17.27,-10.594103,18.0,0.0
1728,17.28,-9.770909,18.0,0.0
1729,17.29,-9.753586,18.0,0.0
1730,17.30,-9.488691,18.0,0.0
1731,17.31,-8.572912,18.0,0.0
1732,17.32,-8.079776,18.0,0.0
1733,17.33,-8.150431,18.0,0.0
1734,17.34,-8.276925,18.0,0.0
1735,17.35,-7.70159,18.0,0.0
1736,17.36,-7.567942,18.0,0.0
1737,17.37,-7.619396,18.0,0.0
1738,17.38,-7.347925,18.0,0.0
1739,17.39,-7.021602,18.0,0.0
1740,17.40,-7.534573,18.0,0.0
1741,17.41,-7.534245,18.0,0.0
1742,17.42,-7.282403,18.0,0.0
1743,17.43,-7.709648,18.0,0.0
1744,17.44,-7.215454,18.0,0.0
1745,17.45,-7.238252,18.0,0.0
1746,17.46,-7.770973,18.0,0.0
1747,17.47,-8.179827,18.0,0.0
1748,17.48,-8.149832,18.0,0.0
1749,17.49,-8.357828,18.0,0.0
1750,17.50,-8.557856,18.0,0.0
1751,17.51,-8.499676,18.0,0.0
1752,17.52,-9.394994,18.0,0.0
1753,17.53,-9.190998,18.0,0.0
1754,17.54,-9.705792,18.0,0.0
1755,17.55,-9.8485,18.0,0.0
1756,17.56,-10.308622,18.0,0.0
1757,17.57,-10.552773,18.0,0.0
1758,17.58,-11.131203,18.0,0.0
1759,17.59,-11.222522,18.0,0.0
1760,17.60,-11.304905,18.0,0.0
1761,17.61,-11.927682,18.0,0.0
1762,17.62,-12.19025,18.0,0.0
1763,17.63,-12.003176,18.0,0.0
1764,17.64,-12.200456,18.0,0.0
1765,17.65,-11.831759,18.0,0.0
1766,17.66,-12.458214,18.0,0.0
1767,17.67,-11.924262,18.0,0.0
1768,17.68,-12.390321,18.0,0.0
1769,17.69,-12.064012,18.0,0.0
1770,17.70,-12.295451,18.0,0.0
1771,17.71,-12.154929,18.0,0.0
1772,17.72,-11.954533,18.0,0.0
1773,17.73,-11.977845,18.0,0.0
1774,17.74,-11.68445,18.0,0.0
1775,17.75,-11.736849,18.0,0.0
1776,17.76,-11.816021,18.0,0.0
1777,17.77,-11.280227,18.0,0.0
1778,17.78,-10.764654,18.0,0.0
1779,17.79,-10.638573,18.0,0.0
1780,17.80,-10.017176,18.0,0.0
1781,17.81,-9.654301,18.0,0.0
1782,17.82,-9.715445,18.0,0.0
1783,17.83,-9.319953,18.0,0.0
1784,17.84,-9.333825,18.0,0.0
1785,17.85,-8.793372,18.0,0.0
1786,17.86,-8.612353,18.0,0.0
1787,17.87,-7.82886,18.0,0.0
1788,17.88,-7.775895,18.0,0.0
1789,17.89,-7.598192,18.0,0.0
1790,17.90,-6.744151,18.0,0.0
1791,17.91,-7.370816,18.0,0.0
1792,17.92,-7.668643,18.0,0.0
1793,17.93,-7.106774,18.0,0.0
1794,17.94,-7.055168,18.0,0.0
1795,17.95,-6.933485,18.0,0.0
1796,17.96,-7.161531,18.0,0.0
1797,17.97,-7.559114,18.0,0.0
1798,17.98,-7.122987,18.0,0.0
1799,17.99,-7.434769,18.0,0.0
1800,18.00,-7.532074,18.0,0.0
1801,18.01,-7.731509,18.0,0.0
1802,18.02,-8.20212,18.0,0.0
1803,18.03,-8.669279,18.0,0.0
1804,18.04,-8.745858,18.0,0.0
1805,18.05,-9.097522,18.0,0.0
1806,18.06,-9.304554,18.0,0.0
1807,18.07,-9.453114,18.0,0.0
1808,18.08,-9.553538,18.0,0.0
1809,18.09,-9.975274,18.0,0.0
1810,18.10,-10.362983,18.0,0.0
1811,18.11,-10.906177,18.0,0.0
1812,18.12,-10.850196,18.0,0.0
1813,18.13,-11.342995,18.0,0.0
1814,18.14,-11.179533,18.0,0.0
1815,18.15,-11.751677,18.0,0.0
1816,18.16,-11.49027,18.0,0.0
1817,18.17,-11.695744,18.0,0.0
1818,18.18,-12.259281,18.0,0.0
1819,18.19,-12.514379,18.0,0.0
1820,18.20,-12.649059,18.0,0.0
1821,18.21,-12.663075,18.0,0.0
1822,18.22,-12.232001,18.0,0.0
1823,18.23,-12.383882,18.0,0.0
1824,18.24,-11.989691,18.0,0.0
1825,18.25,-12.324094,18.0,0.0
1826,18.26,-12.187741,18.0,0.0
1827,18.27,-12.383632,18.0,0.0
1828,18.28,-11.714915,18.0,0.0
1829,18.29,-11.633573,18.0,0.0
1830,18.30,-11.325831,18.0,0.0
1831,18.31,-11.113659,18.0,0.0
1832,18.32,-10.585099,18.0,0.0
1833,18.33,-10.506711,18.0,0.0
1834,18.34,-9.959434,18.0,0.0
1835,18.35,-9.960376,18.0,0.0
1836,18.36,-9.070811,18.0,0.0
1837,18.37,-9.317292,18.0,0.0
1838,18.38,-8.459926,18.0,0.0
1839,18.39,-8.402961,18.0,0.0
1840,18.40,-8.34156,18.0,0.0
1841,18.41,-7.990622,18.0,0.0
1842,18.42,-7.836753,18.0,0.0
1843,18.43,-7.834336,18.0,0.0
1844,18.44,-7.252243,18.0,0.0
1845,18.45,-7.040437,18.0,0.0
1846,18.46,-7.414442,18.0,0.0
1847,18.47,-7.23025,18.0,0.0
1848,18.48,-7.179713,18.0,0.0
1849,18.49,-6.950024,18.0,0.0
1850,18.50,-7.102134,18.0,0.0
1851,18.51,-7.327937,18.0,0.0
1852,18.52,-7.240825,18.0,0.0
1853,18.53,-7.056613,18.0,0.0
1854,18.54,-7.270696,18.0,0.0
1855,18.55,-8.142726,18.0,0.0
1856,18.56,-8.432186,18.0,0.0
1857,18.57,-8.29441,18.0,0.0
1858,18.58,-8.955009,18.0,0.0
1859,18.59,-9.148788,18.0,0.0
1860,18.60,-9.207435,18.0,0.0
1861,18.61,-9.707127,18.0,0.0
1862,18.62,-9.709116,18.0,0.0
1863,18.63,-10.265592,18.0,0.0
1864,18.64,-10.532712,18.0,0.0
1865,18.65,-11.344102,18.0,0.0
1866,18.66,-11.042104,18.0,0.0
1867,18.67,-11.218577,18.0,0.0
1868,18.68,-11.506358,18.0,0.0
1869,18.69,-12.073904,18.0,0.0
1870,18.70,-11.768993,18.0,0.0
1871,18.71,-12.00152,18.0,0.0
1872,18.72,-12.120948,18.0,0.0
1873,18.73,-12.477542,18.0,0.0
1874,18.74,-12.527197,18.0,0.0
1875,18.75,-12.189139,18.0,0.0
1876,18.76,-12.20014,18.0,0.0
1877,18.77,-12.583305,18.0,0.0
1878,18.78,-12.213967,18.0,0.0
1879,18.79,-12.327637,18.0,0.0
1880,18.80,-11.834836,18.0,0.0
1881,18.81,-11.626264,18.0,0.0
1882,18.82,-11.969799,18.0,0.0
1883,18.83,-11.622856,18.0,0.0
1884,18.84,-11.530293,18.0,0.0
1885,18.85,-10.310266,18.0,0.0
1886,18.86,-10.419716,18.0,0.0
1887,18.87,-9.866423,18.0,0.0
1888,18.88,-9.608193,18.0,0.0
1889,18.89,-9.568971,18.0,0.0
1890,18.90,-9.424983,18.0,0.0
1891,18.91,-8.948413,18.0,0.0
1892,18.92,-9.166844,18.0,0.0
1893,18.93,-8.303099,18.0,0.0
1894,18.94,-7.966783,18.0,0.0
1895,18.95,-7.847231,18.0,0.0
1896,18.96,-7.807754,18.0,0.0
1897,18.97,-7.834815,18.0,0.0
1898,18.98,-7.516146,18.0,0.0
1899,18.99,-7.074971,18.0,0.0
1900,19.00,-6.86305,18.0,0.0
1901,19.01,-7.398083,18.0,0.0
1902,19.02,-6.927689,18.0,0.0
1903,19.03,-7.392033,18.0,0.0
1904,19.04,-7.452164,18.0,0.0
1905,19.05,-6.935346,18.0,0.0
1906,19.06,-7.312683,18.0,0.0
1907,19.07,-7.415434,18.0,0.0
1908,19.08,-8.431716,18.0,0.0
1909,19.09,-7.784889,18.0,0.0
1910,19.10,-8.863907,18.0,0.0
1911,19.11,-8.281607,18.0,0.0
1912,19.12,-8.771748,18.0,0.0
1913,19.13,-9.607273,18.0,0.0
1914,19.14,-9.444148,18.0,0.0
1915,19.15,-9.283692,18.0,0.0
1916,19.16,-10.046797,18.0,0.0
1917,19.17,-10.341068,18.0,0.0
1918,19.18,-10.958305,18.0,0.0
1919,19.19,-10.995282,18.0,0.0
1920,19.20,-11.769776,18.0,0.0
1921,19.21,-11.486587,18.0,0.0
1922,19.22,-11.90228,18.0,0.0
1923,19.23,-12.235511,18.0,0.0
1924,19.24,-12.001017,18.0,0.0
1925,19.25,-12.471215,18.0,0.0
1926,19.26,-12.056557,18.0,0.0
1927,19.27,-12.33127,18.0,0.0
1928,19.28,-12.151075,18.0,0.0
1929,19.29,-12.186918,18.0,0.0
1930,19.30,-12.796483,18.0,0.0
1931,19.31,-12.551996,18.0,0.0
1932,19.32,-12.133261,18.0,0.0
1933,19.33,-11.8952,18.0,0.0
1934,19.34,-11.324988,18.0,0.0
1935,19.35,-11.566668,18.0,0.0
1936,19.36,-11.249762,18.0,0.0
1937,19.37,-10.963117,18.0,0.0
1938,19.38,-10.897862,18.0,0.0
1939,19.39,-10.804342,18.0,0.0
1940,19.40,-9.939529,18.0,0.0
1941,19.41,-9.725855,18.0,0.0
1942,19.42,-9.723859,18.0,0.0
1943,19.43,-9.060056,18.0,0.0
1944,19.44,-9.27737,18.0,0.0
1945,19.45,-8.27684,18.0,0.0
1946,19.46,-8.366743,18.0,0.0
1947,19.47,-7.428761,18.0,0.0
1948,19.48,-8.232834,18.0,0.0
1949,19.49,-7.61819,18.0,0.0
1950,19.50,-7.466344,0.0,0.0
1951,19.51,-7.425425,0.0,0.0
1952,19.52,-6.845608,0.0,0.0
1953,19.53,-7.043504,0.0,0.0
1954,19.54,-7.227461,0.0,0.0
1955,19.55,-7.390811,0.0,0.0
1956,19.56,-6.97587,0.0,0.0
1957,19.57,-6.794574,0.0,0.0
1958,19.58,-7.299155,0.0,0.0
1959,19.59,-7.716837,0.0,0.0
1960,19.60,-7.507013,0.0,0.0
1961,19.61,-8.182515,0.0,0.0
1962,19.62,-7.54303,0.0,0.0
1963,19.63,-8.527303,0.0,0.0
1964,19.64,-8.844234,0.0,0.0
1965,19.65,-8.926053,0.0,0.0
1966,19.66,-9.759487,0.0,0.0
1967,19.67,-9.322823,0.0,0.0
1968,19.68,-9.546952,0.0,0.0
1969,19.69,-10.46218,0.0,0.0
1970,19.70,-10.314139,0.0,0.0
1971,19.71,-10.888214,0.0,0.0
1972,19.72,-11.258584,0.0,0.0
1973,19.73,-11.286978,0.0,0.0
1974,19.74,-11.846699,0.0,0.0
1975,19.75,-12.040428,0.0,0.0
1976,19.76,-11.454155,0.0,0.0
1977,19.77,-12.45657,0.0,0.0
1978,19.78,-11.987045,0.0,0.0
1979,19.79,-12.012133,0.0,0.0
1980,19.80,-12.379126,0.0,0.0
1981,19.81,-12.595266,0.0,0.0
1982,19.82,-12.645192,0.0,0.0
1983,19.83,-12.190987,0.0,0.0
1984,19.84,-12.03715,0.0,0.0
1985,19.85,-11.773246,0.0,0.0
1986,19.86,-12.438719,0.0,0.0
1987,19.87,-11.429873,0.0,0.0
1988,19.88,-11.497943,0.0,0.0
1989,19.89,-11.589977,0.0,0.0
1990,19.90,-10.801825,0.0,0.0
1991,19.91,-10.82229,0.0,0.0
1992,19.92,-10.220463,0.0,0.0
1993,19.93,-10.59959,0.0,0.0
1994,19.94,-9.629544,0.0,0.0
1995,19.95,-9.465333,0.0,0.0
1996,19.96,-9.351149,0.0,0.0
1997,19.97,-9.264646,0.0,0.0
1998,19.98,-8.276869,0.0,0.0
1999,19.99,-8.714068,0.0,0.0
2000,20.00,-8.260298,0.0,0.0
2001,20.01,-7.552704,0.0,0.0
2002,20.02,-7.689534,0.0,0.0
2003,20.03,-7.637292,0.0,0.0
2004,20.04,-7.064002,0.0,0.0
2005,20.05,-7.359438,0.0,0.0
2006,20.06,-7.315777,0.0,0.0
2007,20.07,-6.941065,0.0,0.0
2008,20.08,-7.189219,0.0,0.0
2009,20.09,-7.475397,0.0,0.0
2010,20.10,-7.470073,0.0,0.0
2011,20.11,-7.87247,0.0,0.0
2012,20.12,-7.132028,0.0,0.0
2013,20.13,-8.19615,0.0,0.0
2014,20.14,-7.659414,0.0,0.0
2015,20.15,-8.129779,0.0,0.0
2016,20.16,-7.885665,0.0,0.0
2017,20.17,-8.670671,0.0,0.0
2018,20.18,-8.794,0.0,0.0
2019,20.19,-8.866842,0.0,0.0
2020,20.20,-9.365063,0.0,0.0
2021,20.21,-10.178804,0.0,0.0
2022,20.22,-10.435182,0.0,0.0
2023,20.23,-10.588347,0.0,0.0
2024,20.24,-10.809008,0.0,0.0
2025,20.25,-10.823421,0.0,0.0
2026,20.26,-11.405754,0.0,0.0
2027,20.27,-11.165959,0.0,0.0
2028,20.28,-11.813633,0.0,0.0
2029,20.29,-11.734402,0.0,0.0
2030,20.30,-12.187769,0.0,0.0
2031,20.31,-12.076005,0.0,0.0
2032,20.32,-12.5219,0.0,0.0
2033,20.33,-12.294742,0.0,0.0
2034,20.34,-12.175201,0.0,0.0
2035,20.35,-12.374786,0.0,0.0
2036,20.36,-12.577285,0.0,0.0
2037,20.37,-11.696483,0.0,0.0
2038,20.38,-12.176595,0.0,0.0
2039,20.39,-12.375943,0.0,0.0
2040,20.40,-11.46319,0.0,0.0
2041,20.41,-11.17696,0.0,0.0
2042,20.42,-11.360616,0.0,0.0
2043,20.43,-11.39451,0.0,0.0
2044,20.44,-10.896292,0.0,0.0
2045,20.45,-10.474214,0.0,0.0
2046,20.46,-10.134378,0.0,0.0
2047,20.47,-10.173162,0.0,0.0
2048,20.48,-9.519104,0.0,0.0
2049,20.49,-9.330593,0.0,0.0
2000,20.00,-8.982299,0.0,0.0
2001,20.01,-9.075613,0.0,0.0
2002,20.02,-8.441736,0.0,0.0
2003,20.03,-8.155475,0.0,0.0
2004,20.04,-8.515433,0.0,0.0
2005,20.05,-7.979833,0.0,0.0
2006,20.06,-7.410587,0.0,0.0
2007,20.07,-7.893211,0.0,0.0
2008,20.08,-7.273873,0.0,0.0
2009,20.09,-7.135562,0.0,0.0
2010,20.10,-7.118774,0.0,0.0
2011,20.11,-7.207369,0.0,0.0
2012,20.12,-7.441654,0.0,0.0
2013,20.13,-6.962105,0.0,0.0
2014,20.14,-7.74615,0.0,0.0
2015,20.15,-7.297436,0.0,0.0
2016,20.16,-7.53651,0.0,0.0
2017,20.17,-7.612928,0.0,0.0
2018,20.18,-8.454659,0.0,0.0
2019,20.19,-8.551983,0.0,0.0
2020,20.20,-8.41421,0.0,0.0
2021,20.21,-8.922697,0.0,0.0
2022,20.22,-9.349935,0.0,0.0
2023,20.23,-9.633975,0.0,0.0
2024,20.24,-9.787401,0.0,0.0
2025,20.25,-10.284127,0.0,0.0
2026,20.26,-10.446971,0.0,0.0
2027,20.27,-11.00853,0.0,0.0
2028,20.28,-11.11292,0.0,0.0
2029,20.29,-11.340195,0.0,0.0
2030,20.30,-11.946908,0.0,0.0
2031,20.31,-11.881884,0.0,0.0
2032,20.32,-11.576465,0.0,0.0
2033,20.33,-11.942027,0.0,0.0
2034,20.34,-12.327586,0.0,0.0
2035,20.35,-12.337577,0.0,0.0
2036,20.36,-12.339582,0.0,0.0
2037,20.37,-12.428642,0.0,0.0
2038,20.38,-12.398596,0.0,0.0
2039,20.39,-12.256917,0.0,0.0
2040,20.40,-12.137625,0.0,0.0
2041,20.41,-11.885408,0.0,0.0
2042,20.42,-12.08955,0.0,0.0
2043,20.43,-11.947698,0.0,0.0
2044,20.44,-11.534808,0.0,0.0
2045,20.45,-11.787936,0.0,0.0
2046,20.46,-10.980025,0.0,0.0
2047,20.47,-10.80342,0.0,0.0
2048,20.48,-10.352577,0.0,0.0
2049,20.49,-10.6599,0.0,0.0
2000,20.00,-10.527223,0.0,0.0
2001,20.01,-9.794843,0.0,0.0
2002,20.02,-9.344524,0.0,0.0
2003,20.03,-9.281599,0.0,0.0
2004,20.04,-8.842104,0.0,0.0
2005,20.05,-8.013322,0.0,0.0
2006,20.06,-8.370394,0.0,0.0
2007,20.07,-8.189036,0.0,0.0
2008,20.08,-8.129548,0.0,0.0
2009,20.09,-7.597923,0.0,0.0
2010,20.10,-7.762636,0.0,0.0
2011,20.11,-7.257246,0.0,0.0
2012,20.12,-7.827503,0.0,0.0
2013,20.13,-7.217304,0.0,0.0
2014,20.14,-7.658143,0.0,0.0
2015,20.15,-6.963282,0.0,0.0
2016,20.16,-7.108584,0.0,0.0
2017,20.17,-7.111621,0.0,0.0
2018,20.18,-7.453598,0.0,0.0
2019,20.19,-7.87986,0.0,0.0
2020,20.20,-7.584941,0.0,0.0
2021,20.21,-8.083728,0.0,0.0
2022,20.22,-7.914866,0.0,0.0
2023,20.23,-8.436025,0.0,0.0
2024,20.24,-8.604276,0.0,0.0
2025,20.25,-9.028714,0.0,0.0
2026,20.26,-8.939626,0.0,0.0
2027,20.27,-9.455806,0.0,0.0
2028,20.28,-9.133148,0.0,0.0
2029,20.29,-10.119645,0.0,0.0
2030,20.30,-10.314517,0.0,0.0
2031,20.31,-10.956302,0.0,0.0
2032,20.32,-11.096641,0.0,0.0
2033,20.33,-11.331737,0.0,0.0
2034,20.34,-12.026856,0.0,0.0
2035,20.35,-11.885938,0.0,0.0
2036,20.36,-11.985628,0.0,0.0
2037,20.37,-12.124497,0.0,0.0
2038,20.38,-12.212126,0.0,0.0
2039,20.39,-12.28926,0.0,0.0
2040,20.40,-12.342102,0.0,0.0
2041,20.41,-12.390318,0.0,0.0
2042,20.42,-12.217562,0.0,0.0
2043,20.43,-12.586531,0.0,0.0
2044,20.44,-11.939226,0.0,0.0
2045,20.45,-12.31996,0.0,0.0
2046,20.46,-12.384435,0.0,0.0
2047,20.47,-12.03818,0.0,0.0
2048,20.48,-11.844904,0.0,0.0
2049,20.49,-11.644438,0.0,0.0
2000,20.00,-11.373241,0.0,0.0
2001,20.01,-10.964003,0.0,0.0
2002,20.02,-10.722853,0.0,0.0
2003,20.03,-10.252787,0.0,0.0
2004,20.04,-9.64679,0.0,0.0
2005,20.05,-9.236067,0.0,0.0
2006,20.06,-9.52058,0.0,0.0
2007,20.07,-8.995052,0.0,0.0
2008,20.08,-8.787979,0.0,0.0
2009,20.09,-8.45306,0.0,0.0
2010,20.10,-8.181951,0.0,0.0
2011,20.11,-7.970306,0.0,0.0
2012,20.12,-7.616916,0.0,0.0
2013,20.13,-7.72031,0.0,0.0
2014,20.14,-7.456127,0.0,0.0
2015,20.15,-7.201531,0.0,0.0
2016,20.16,-7.431699,0.0,0.0
2017,20.17,-7.263829,0.0,0.0
2018,20.18,-7.350283,0.0,0.0
2019,20.19,-7.18091,0.0,0.0
2020,20.20,-7.551727,0.0,0.0
2021,20.21,-7.220638,0.0,0.0
2022,20.22,-7.584091,0.0,0.0
2023,20.23,-7.513143,0.0,0.0
2024,20.24,-7.917364,0.0,0.0
2025,20.25,-7.795894,0.0,0.0
2026,20.26,-8.274334,0.0,0.0
2027,20.27,-8.656142,0.0,0.0
2028,20.28,-9.017156,0.0,0.0
2029,20.29,-9.070391,0.0,0.0
2030,20.30,-8.905902,0.0,0.0
2031,20.31,-9.786179,0.0,0.0
2032,20.32,-10.191283,0.0,0.0
2033,20.33,-10.160524,0.0,0.0
2034,20.34,-10.672965,0.0,0.0
2035,20.35,-11.040007,0.0,0.0
2036,20.36,-11.23246,0.0,0.0
2037,20.37,-11.54,0.0,0.0
2038,20.38,-11.619301,0.0,0.0
2039,20.39,-11.468196,0.0,0.0
2040,20.40,-11.90639,0.0,0.0
2041,20.41,-12.446856,0.0,0.0
2042,20.42,-11.846127,0.0,0.0
2043,20.43,-12.424823,0.0,0.0
2044,20.44,-12.971686,0.0,0.0
2045,20.45,-12.483817,0.0,0.0
2046,20.46,-11.858737,0.0,0.0
2047,20.47,-12.390271,0.0,0.0
2048,20.48,-12.167511,0.0,0.0
2049,20.49,-12.146104,0.0,0.0
2000,20.00,-12.376326,0.0,0.0
2001,20.01,-11.198873,0.0,0.0
2002,20.02,-11.225634,0.0,0.0
2003,20.03,-11.08356,0.0,0.0
2004,20.04,-11.398909,0.0,0.0
2005,20.05,-10.82256,0.0,0.0
2006,20.06,-10.244787,0.0,0.0
2007,20.07,-10.397391,0.0,0.0
2008,20.08,-10.166198,0.0,0.0
2009,20.09,-9.867463,0.0,0.0
2010,20.10,-9.735238,0.0,0.0
2011,20.11,-9.273689,0.0,0.0
2012,20.12,-9.016374,0.0,0.0
2013,20.13,-8.520027,0.0,0.0
2014,20.14,-8.545446,0.0,0.0
2015,20.15,-8.22608,0.0,0.0
2016,20.16,-7.814665,0.0,0.0
2017,20.17,-7.53717,0.0,0.0
2018,20.18,-7.168167,0.0,0.0
2019,20.19,-7.441634,0.0,0.0
2020,20.20,-7.132284,0.0,0.0
2021,20.21,-7.166114,0.0,0.0
2022,20.22,-7.214127,0.0,0.0
2023,20.23,-7.028169,0.0,0.0
2024,20.24,-7.433467,0.0,0.0
2025,20.25,-7.427937,0.0,0.0
2026,20.26,-7.308499,0.0,0.0
2027,20.27,-7.309256,0.0,0.0
2028,20.28,-7.615148,0.0,0.0
2029,20.29,-7.83214,0.0,0.0
2030,20.30,-8.071791,0.0,0.0
2031,20.31,-8.108006,0.0,0.0
2032,20.32,-8.373864,0.0,0.0
2033,20.33,-8.928488,0.0,0.0
2034,20.34,-9.038051,0.0,0.0
2035,20.35,-9.341209,0.0,0.0
2036,20.36,-9.828092,0.0,0.0
2037,20.37,-10.285875,0.0,0.0
2038,20.38,-10.481303,0.0,0.0
2039,20.39,-10.848039,0.0,0.0
2040,20.40,-11.272132,0.0,0.0
2041,20.41,-10.943438,0.0,0.0
2042,20.42,-11.344418,0.0,0.0
2043,20.43,-11.639336,0.0,0.0
2044,20.44,-11.60347,0.0,0.0
2045,20.45,-11.803596,0.0,0.0
2046,20.46,-12.022738,0.0,0.0
2047,20.47,-12.121881,0.0,0.0
2048,20.48,-11.974371,0.0,0.0
2049,20.49,-12.610722,0.0,0.0
2000,20.00,-12.385112,0.0,0.0
2001,20.01,-12.333775,0.0,0.0
2002,20.02,-12.497885,0.0,0.0
2003,20.03,-12.304071,0.0,0.0
2004,20.04,-12.504776,0.0,0.0
2005,20.05,-12.074365,0.0,0.0
2006,20.06,-11.744039,0.0,0.0
2007,20.07,-11.732288,0.0,0.0
2008,20.08,-11.350844,0.0,0.0
2009,20.09,-11.233197,0.0,0.0
2010,20.10,-10.523101,0.0,0.0
2011,20.11,-10.35687,0.0,0.0
2012,20.12,-10.558997,0.0,0.0
2013,20.13,-9.807792,0.0,0.0
2014,20.14,-9.692288,0.0,0.0
2015,20.15,-9.196434,0.0,0.0
2016,20.16,-9.039667,0.0,0.0
2017,20.17,-8.913003,0.0,0.0
2018,20.18,-8.648608,0.0,0.0
2019,20.19,-8.250493,0.0,0.0
2020,20.20,-8.137322,0.0,0.0
2021,20.21,-7.742153,0.0,0.0
2022,20.22,-7.790708,0.0,0.0
2023,20.23,-7.842632,0.0,0.0
2024,20.24,-7.12566,0.0,0.0
2025,20.25,-7.105395,0.0,0.0
2026,20.26,-6.860904,0.0,0.0
2027,20.27,-7.486996,0.0,0.0
2028,20.28,-7.225196,0.0,0.0
2029,20.29,-7.458195,0.0,0.0
2030,20.30,-7.938134,0.0,0.0
2031,20.31,-7.089735,0.0,0.0
2032,20.32,-7.592111,0.0,0.0
2033,20.33,-7.918025,0.0,0.0
2034,20.34,-7.775871,0.0,0.0
2035,20.35,-8.142897,0.0,0.0
2036,20.36,-8.182857,0.0,0.0
2037,20.37,-8.777696,0.0,0.0
2038,20.38,-8.984678,0.0,0.0
2039,20.39,-9.120966,0.0,0.0
2040,20.40,-9.328573,0.0,0.0
2041,20.41,-9.384947,0.0,0.0
2042,20.42,-10.295439,0.0,0.0
2043,20.43,-10.239101,0.0,0.0
2044,20.44,-10.61667,0.0,0.0
2045,20.45,-11.329924,0.0,0.0
2046,20.46,-11.610865,0.0,0.0
2047,20.47,-11.492914,0.0,0.0
2048,20.48,-11.468433,0.0,0.0
2049,20.49,-11.926059,0.0,0.0
2000,20.00,-12.000403,0.0,0.0
2001,20.01,-11.828827,0.0,0.0
2002,20.02,-12.278729,0.0,0.0
2003,20.03,-12.224308,0.0,0.0
2004,20.04,-12.50228,0.0,0.0
2005,20.05,-12.219817,0.0,0.0
2006,20.06,-12.690328,0.0,0.0
2007,20.07,-12.677124,0.0,0.0
2008,20.08,-12.168853,0.0,0.0
2009,20.09,-11.686696,0.0,0.0
2010,20.10,-12.223129,0.0,0.0
2011,20.11,-12.592955,0.0,0.0
2012,20.12,-11.45902,0.0,0.0
2013,20.13,-10.977202,0.0,0.0
2014,20.14,-10.874149,0.0,0.0
2015,20.15,-11.191679,0.0,0.0
2016,20.16,-10.593298,0.0,0.0
2017,20.17,-10.285239,0.0,0.0
2018,20.18,-9.850685,0.0,0.0
2019,20.19,-9.352985,0.0,0.0
2020,20.20,-9.302063,0.0,0.0
2021,20.21,-9.013897,0.0,0.0
2022,20.22,-8.715696,0.0,0.0
2023,20.23,-8.632561,0.0,0.0
2024,20.24,-8.814,0.0,0.0
2025,20.25,-8.236169,0.0,0.0
2026,20.26,-7.810047,0.0,0.0
2027,20.27,-7.568058,0.0,0.0
2028,20.28,-7.878808,0.0,0.0
2029,20.29,-7.673438,0.0,0.0
2030,20.30,-7.381017,0.0,0.0
2031,20.31,-7.129085,0.0,0.0
2032,20.32,-7.067705,0.0,0.0
2033,20.33,-7.289431,0.0,0.0
2034,20.34,-7.182666,0.0,0.0
2035,20.35,-7.329175,0.0,0.0
2036,20.36,-7.279302,0.0,0.0
2037,20.37,-7.904422,0.0,0.0
2038,20.38,-7.685742,0.0,0.0
2039,20.39,-7.871205,0.0,0.0
2040,20.40,-8.108805,0.0,0.0
2041,20.41,-8.116492,0.0,0.0
2042,20.42,-8.078206,0.0,0.0
2043,20.43,-8.64803,0.0,0.0
2044,20.44,-9.328457,0.0,0.0
2045,20.45,-9.372391,0.0,0.0
2046,20.46,-9.431145,0.0,0.0
2047,20.47,-9.545621,0.0,0.0
2048,20.48,-10.33273,0.0,0.0
2049,20.49,-10.413685,0.0,0.0
2000,20.00,-10.802742,0.0,0.0
2001,20.01,-11.21353,0.0,0.0
2002,20.02,-11.552694,0.0,0.0
2003,20.03,-11.717233,0.0,0.0
2004,20.04,-11.511896,0.0,0.0
2005,20.05,-11.934498,0.0,0.0
2006,20.06,-12.262038,0.0,0.0
2007,20.07,-11.999554,0.0,0.0
2008,20.08,-12.479509,0.0,0.0
2009,20.09,-12.707233,0.0,0.0
2010,20.10,-12.466328,0.0,0.0
2011,20.11,-12.440054,0.0,0.0
2012,20.12,-12.166449,0.0,0.0
2013,20.13,-12.800893,0.0,0.0
2014,20.14,-12.539649,0.0,0.0
2015,20.15,-12.288953,0.0,0.0
2016,20.16,-11.786185,0.0,0.0
2017,20.17,-11.972811,0.0,0.0
2018,20.18,-11.69161,0.0,0.0
2019,20.19,-11.835718,0.0,0.0
2020,20.20,-11.028272,0.0,0.0
2021,20.21,-10.42612,0.0,0.0
2022,20.22,-10.495499,0.0,0.0
2023,20.23,-9.713623,0.0,0.0
2024,20.24,-9.490374,0.0,0.0
2025,20.25,-9.772929,0.0,0.0
2026,20.26,-9.697518,0.0,0.0
2027,20.27,-8.942723,0.0,0.0
2028,20.28,-8.145918,0.0,0.0
2029,20.29,-8.418138,0.0,0.0
2030,20.30,-8.208729,0.0,0.0
2031,20.31,-8.299643,0.0,0.0
2032,20.32,-7.84653,0.0,0.0
2033,20.33,-7.35413,0.0,0.0
2034,20.34,-7.601713,0.0,0.0
2035,20.35,-7.702621,0.0,0.0
2036,20.36,-7.070394,0.0,0.0
2037,20.37,-7.212938,0.0,0.0
2038,20.38,-7.428738,0.0,0.0
2039,20.39,-7.649179,0.0,0.0
2040,20.40,-7.149876,0.0,0.0
2041,20.41,-7.364071,0.0,0.0
2042,20.42,-7.470921,0.0,0.0
2043,20.43,-7.355748,0.0,0.0
2044,20.44,-7.89308,0.0,0.0
2045,20.45,-7.867274,0.0,0.0
2046,20.46,-8.199891,0.0,0.0
2047,20.47,-7.921453,0.0,0.0
2048,20.48,-8.405318,0.0,0.0
2049,20.49,-9.303706,0.0,0.0
2000,20.00,-9.012,0.0,0.0
2001,20.01,-9.600749,0.0,0.0
2002,20.02,-9.89083,0.0,0.0
2003,20.03,-9.949953,0.0,0.0
2004,20.04,-10.346687,0.0,0.0
2005,20.05,-10.65257,0.0,0.0
2006,20.06,-11.099173,0.0,0.0
2007,20.07,-11.404828,0.0,0.0
2008,20.08,-11.829345,0.0,0.0
2009,20.09,-11.372537,0.0,0.0
2010,20.10,-12.02621,0.0,0.0
2011,20.11,-12.227246,0.0,0.0
2012,20.12,-12.283589,0.0,0.0
2013,20.13,-11.878139,0.0,0.0
2014,20.14,-11.767985,0.0,0.0
2015,20.15,-11.909915,0.0,0.0
2016,20.16,-12.484213,0.0,0.0
2017,20.17,-12.48197,0.0,0.0
2018,20.18,-12.43365,0.0,0.0
2019,20.19,-12.335397,0.0,0.0
2020,20.20,-12.53404,0.0,0.0
2021,20.21,-11.71037,0.0,0.0
2022,20.22,-11.391642,0.0,0.0
2023,20.23,-11.883258,0.0,0.0
2024,20.24,-11.44211,0.0,0.0
2025,20.25,-11.222857,0.0,0.0
2026,20.26,-11.004915,0.0,0.0
2027,20.27,-10.412983,0.0,0.0
2028,20.28,-11.227715,0.0,0.0
2029,20.29,-9.899888,0.0,0.0
2030,20.30,-10.471094,0.0,0.0
2031,20.31,-10.087245,0.0,0.0
2032,20.32,-9.700223,0.0,0.0
2033,20.33,-8.995102,0.0,0.0
2034,20.34,-8.9867,0.0,0.0
2035,20.35,-8.551247,0.0,0.0
2036,20.36,-8.444464,0.0,0.0
2037,20.37,-8.32221,0.0,0.0
2038,20.38,-7.606764,0.0,0.0
2039,20.39,-7.357086,0.0,0.0
2040,20.40,-7.289017,0.0,0.0
2041,20.41,-7.505555,0.0,0.0
2042,20.42,-7.507341,0.0,0.0
2043,20.43,-7.652284,0.0,0.0
2044,20.44,-7.037973,0.0,0.0
2045,20.45,-7.65216,0.0,0.0
2046,20.46,-7.263254,0.0,0.0
2047,20.47,-7.543293,0.0,0.0
2048,20.48,-7.916647,0.0,0.0
2049,20.49,-7.673728,0.0,0.0
2000,20.00,-7.676843,0.0,0.0
2001,20.01,-7.484105,0.0,0.0
2002,20.02,-7.991375,0.0,0.0
2003,20.03,-8.183304,0.0,0.0
2004,20.04,-8.283138,0.0,0.0
2005,20.05,-8.659486,0.0,0.0
2006,20.06,-9.28161,0.0,0.0
2007,20.07,-9.491876,0.0,0.0
2008,20.08,-10.25315,0.0,0.0
2009,20.09,-9.985892,0.0,0.0
2010,20.10,-10.591739,0.0,0.0
2011,20.11,-10.878979,0.0,0.0
2012,20.12,-11.307541,0.0,0.0
2013,20.13,-11.428653,0.0,0.0
2014,20.14,-11.744634,0.0,0.0
2015,20.15,-11.419591,0.0,0.0
2016,20.16,-11.806647,0.0,0.0
2017,20.17,-12.020164,0.0,0.0
2018,20.18,-12.264453,0.0,0.0
2019,20.19,-12.185629,0.0,0.0
2020,20.20,-12.210085,0.0,0.0
2021,20.21,-12.127964,0.0,0.0
2022,20.22,-12.339999,0.0,0.0
2023,20.23,-12.481788,0.0,0.0
2024,20.24,-12.238255,0.0,0.0
2025,20.25,-12.199406,0.0,0.0
2026,20.26,-12.240354,0.0,0.0
2027,20.27,-12.394012,0.0,0.0
2028,20.28,-11.96289,0.0,0.0
2029,20.29,-11.476604,0.0,0.0
2030,20.30,-11.596814,0.0,0.0
2031,20.31,-11.322066,0.0,0.0
2032,20.32,-10.454902,0.0,0.0
2033,20.33,-10.705509,0.0,0.0
2034,20.34,-10.296741,0.0,0.0
2035,20.35,-10.193952,0.0,0.0
2036,20.36,-10.127924,0.0,0.0
2037,20.37,-9.633428,0.0,0.0
2038,20.38,-9.166983,0.0,0.0
2039,20.39,-9.303304,0.0,0.0
2040,20.40,-8.743655,0.0,0.0
2041,20.41,-8.868624,0.0,0.0
2042,20.42,-7.993162,0.0,0.0
2043,20.43,-8.307157,0.0,0.0
2044,20.44,-7.495391,0.0,0.0
2045,20.45,-7.715729,0.0,0.0
2046,20.46,-7.806666,0.0,0.0
2047,20.47,-7.4015,0.0,0.0
2048,20.48,-6.985684,0.0,0.0
2049,20.49,-7.500371,0.0,0.0
2000,20.00,-7.271341,0.0,0.0
2001,20.01,-7.503289,0.0,0.0
2002,20.02,-7.178306,0.0,0.0
2003,20.03,-6.962063,0.0,0.0
2004,20.04,-7.582244,0.0,0.0
2005,20.05,-7.622413,0.0,0.0
2006,20.06,-7.990853,0.0,0.0
2007,20.07,-7.756659,0.0,0.0
2008,20.08,-7.64306,0.0,0.0
2009,20.09,-8.426038,0.0,0.0
2010,20.10,-8.886317,0.0,0.0
2011,20.11,-9.226171,0.0,0.0
2012,20.12,-8.822131,0.0,0.0
2013,20.13,-9.222963,0.0,0.0
2014,20.14,-9.372219,0.0,0.0
2015,20.15,-9.950754,0.0,0.0
2016,20.16,-10.439238,0.0,0.0
2017,20.17,-10.609833,0.0,0.0
2018,20.18,-10.828452,0.0,0.0
2019,20.19,-11.449274,0.0,0.0
2020,20.20,-11.21674,0.0,0.0
2021,20.21,-11.742262,0.0,0.0
2022,20.22,-12.034162,0.0,0.0
2023,20.23,-12.01674,0.0,0.0
2024,20.24,-12.217382,0.0,0.0
2025,20.25,-12.532035,0.0,0.0
2026,20.26,-12.637393,0.0,0.0
2027,20.27,-12.240286,0.0,0.0
2028,20.28,-12.28128,0.0,0.0
2029,20.29,-11.878204,0.0,0.0
2030,20.30,-12.447655,0.0,0.0
2031,20.31,-12.408755,0.0,0.0
2032,20.32,-11.939292,0.0,0.0
2033,20.33,-11.937566,0.0,0.0
2034,20.34,-11.346279,0.0,0.0
2035,20.35,-11.54912,0.0,0.0
2036,20.36,-11.511879,0.0,0.0
2037,20.37,-11.535486,0.0,0.0
2038,20.38,-11.059385,0.0,0.0
2039,20.39,-10.548635,0.0,0.0
2040,20.40,-10.361604,0.0,0.0
2041,20.41,-9.789635,0.0,0.0
2042,20.42,-10.062864,0.0,0.0
2043,20.43,-9.61882,0.0,0.0
2044,20.44,-9.998686,0.0,0.0
2045,20.45,-9.320889,0.0,0.0
2046,20.46,-8.73969,0.0,0.0
2047,20.47,-8.60069,0.0,0.0
2048,20.48,-7.81019,0.0,0.0
2049,20.49,-7.544312,0.0,0.0
2000,20.00,-7.479118,0.0,0.0
2001,20.01,-7.583446,0.0,0.0
2002,20.02,-7.604616,0.0,0.0
2003,20.03,-7.114545,0.0,0.0
2004,20.04,-7.557,0.0,0.0
2005,20.05,-7.082709,0.0,0.0
2006,20.06,-7.426423,0.0,0.0
2007,20.07,-6.96236,0.0,0.0
2008,20.08,-7.481363,0.0,0.0
2009,20.09,-7.482395,0.0,0.0
2010,20.10,-7.35502,0.0,0.0
2011,20.11,-7.610115,0.0,0.0
2012,20.12,-7.608141,0.0,0.0
2013,20.13,-7.936535,0.0,0.0
2014,20.14,-8.019952,0.0,0.0
2015,20.15,-8.277812,0.0,0.0
2016,20.16,-8.93734,0.0,0.0
2017,20.17,-8.732695,0.0,0.0
2018,20.18,-9.395199,0.0,0.0
2019,20.19,-9.811165,0.0,0.0
2020,20.20,-10.009251,0.0,0.0
2021,20.21,-9.883955,0.0,0.0
2022,20.22,-10.356655,0.0,0.0
2023,20.23,-10.875636,0.0,0.0
2024,20.24,-11.028753,0.0,0.0
2025,20.25,-11.323964,0.0,0.0
2026,20.26,-11.787438,0.0,0.0
2027,20.27,-11.142436,0.0,0.0
2028,20.28,-11.716568,0.0,0.0
2029,20.29,-12.005206,0.0,0.0
2030,20.30,-12.295922,0.0,0.0
2031,20.31,-12.24502,0.0,0.0
2032,20.32,-12.819939,0.0,0.0
2033,20.33,-11.796001,0.0,0.0
2034,20.34,-12.315848,0.0,0.0
2035,20.35,-12.710308,0.0,0.0
2036,20.36,-12.898388,0.0,0.0
2037,20.37,-12.044174,0.0,0.0
2038,20.38,-11.98338,0.0,0.0
2039,20.39,-11.691083,0.0,0.0
2040,20.40,-11.44474,0.0,0.0
2041,20.41,-11.628648,0.0,0.0
2042,20.42,-11.317802,0.0,0.0
2043,20.43,-10.807475,0.0,0.0
2044,20.44,-10.765156,0.0,0.0
2045,20.45,-10.555544,0.0,0.0
2046,20.46,-10.202263,0.0,0.0
2047,20.47,-9.726357,0.0,0.0
2048,20.48,-9.557216,0.0,0.0
2049,20.49,-9.679049,0.0,0.0
2000,20.00,-9.233354,0.0,0.0
2001,20.01,-8.539125,0.0,0.0
2002,20.02,-8.906235,0.0,0.0
2003,20.03,-8.574669,0.0,0.0
2004,20.04,-8.535017,0.0,0.0
2005,20.05,-8.378277,0.0,0.0
2006,20.06,-7.066177,0.0,0.0
2007,20.07,-7.5705,0.0,0.0
2008,20.08,-7.076488,0.0,0.0
2009,20.09,-7.231814,0.0,0.0
2010,20.10,-7.103045,0.0,0.0
2011,20.11,-6.883645,0.0,0.0
2012,20.12,-7.761324,0.0,0.0
2013,20.13,-6.870325,0.0,0.0
2014,20.14,-7.254163,0.0,0.0
2015,20.15,-7.196495,0.0,0.0
2016,20.16,-7.530045,0.0,0.0
2017,20.17,-7.768043,0.0,0.0
2018,20.18,-8.364363,0.0,0.0
2019,20.19,-8.183725,0.0,0.0
2020,20.20,-8.423057,0.0,0.0
2021,20.21,-9.098804,0.0,0.0
2022,20.22,-9.238291,0.0,0.0
2023,20.23,-9.27266,0.0,0.0
2024,20.24,-9.479922,0.0,0.0
2025,20.25,-9.714073,0.0,0.0
2026,20.26,-9.871553,0.0,0.0
2027,20.27,-10.135087,0.0,0.0
2028,20.28,-10.820594,0.0,0.0
2029,20.29,-10.691066,0.0,0.0
2030,20.30,-10.983753,0.0,0.0
2031,20.31,-11.41704,0.0,0.0
2032,20.32,-11.833091,0.0,0.0
2033,20.33,-11.649245,0.0,0.0
2034,20.34,-12.206046,0.0,0.0
2035,20.35,-11.997037,0.0,0.0
2036,20.36,-11.920756,0.0,0.0
2037,20.37,-12.163761,0.0,0.0
2038,20.38,-12.494093,0.0,0.0
2039,20.39,-12.540887,0.0,0.0
2040,20.40,-12.317449,0.0,0.0
2041,20.41,-12.176991,0.0,0.0
2042,20.42,-12.170618,0.0,0.0
2043,20.43,-11.869271,0.0,0.0
2044,20.44,-11.414406,0.0,0.0
2045,20.45,-11.922812,0.0,0.0
2046,20.46,-11.304851,0.0,0.0
2047,20.47,-11.06199,0.0,0.0
2048,20.48,-11.111211,0.0,0.0
2049,20.49,-11.139509,0.0,0.0
2000,20.00,-10.517258,0.0,0.0
2001,20.01,-10.872272,0.0,0.0
2002,20.02,-9.924965,0.0,0.0
2003,20.03,-9.482358,0.0,0.0
2004,20.04,-9.072602,0.0,0.0
2005,20.05,-9.231426,0.0,0.0
2006,20.06,-8.834793,0.0,0.0
2007,20.07,-8.05677,0.0,0.0
2008,20.08,-8.401797,0.0,0.0
2009,20.09,-7.814203,0.0,0.0
2010,20.10,-8.292074,0.0,0.0
2011,20.11,-8.010032,0.0,0.0
2012,20.12,-7.613248,0.0,0.0
2013,20.13,-7.300518,0.0,0.0
2014,20.14,-7.311732,0.0,0.0
2015,20.15,-7.091405,0.0,0.0
2016,20.16,-7.361611,0.0,0.0
2017,20.17,-7.118307,0.0,0.0
2018,20.18,-7.238872,0.0,0.0
2019,20.19,-7.265354,0.0,0.0
2020,20.20,-7.219716,0.0,0.0
2021,20.21,-7.158467,0.0,0.0
2022,20.22,-8.186434,0.0,0.0
2023,20.23,-8.268928,0.0,0.0
2024,20.24,-8.327176,0.0,0.0
2025,20.25,-8.333233,0.0,0.0
2026,20.26,-8.135796,0.0,0.0
2027,20.27,-8.980221,0.0,0.0
2028,20.28,-9.417958,0.0,0.0
2029,20.29,-9.691335,0.0,0.0
2030,20.30,-9.731404,0.0,0.0
2031,20.31,-9.812555,0.0,0.0
2032,20.32,-10.065667,0.0,0.0
2033,20.33,-10.733151,0.0,0.0
2034,20.34,-10.642767,0.0,0.0
2035,20.35,-11.236627,0.0,0.0
2036,20.36,-11.348931,0.0,0.0
2037,20.37,-11.794641,0.0,0.0
2038,20.38,-11.832034,0.0,0.0
2039,20.39,-12.002981,0.0,0.0
2040,20.40,-12.148743,0.0,0.0
2041,20.41,-12.114217,0.0,0.0
2042,20.42,-12.274105,0.0,0.0
2043,20.43,-12.223528,0.0,0.0
2044,20.44,-12.194664,0.0,0.0
2045,20.45,-12.777755,0.0,0.0
2046,20.46,-12.509815,0.0,0.0
2047,20.47,-12.539343,0.0,0.0
2048,20.48,-12.181513,0.0,0.0
2049,20.49,-11.879201,0.0,0.0
2000,20.00,-11.859122,0.0,0.0
2001,20.01,-11.254966,0.0,0.0
2002,20.02,-11.384759,0.0,0.0
2003,20.03,-10.698517,0.0,0.0
2004,20.04,-10.871906,0.0,0.0
2005,20.05,-10.607975,0.0,0.0
2006,20.06,-10.098598,0.0,0.0
2007,20.07,-9.392216,0.0,0.0
2008,20.08,-9.425173,0.0,0.0
2009,20.09,-9.419292,0.0,0.0
2010,20.10,-8.970454,0.0,0.0
2011,20.11,-8.5506,0.0,0.0
2012,20.12,-8.648122,0.0,0.0
2013,20.13,-8.127262,0.0,0.0
2014,20.14,-7.86652,0.0,0.0
2015,20.15,-7.882796,0.0,0.0
2016,20.16,-7.370013,0.0,0.0
2017,20.17,-7.685982,0.0,0.0
2018,20.18,-7.336651,0.0,0.0
2019,20.19,-7.284761,0.0,0.0
2020,20.20,-7.090539,0.0,0.0
2021,20.21,-7.13515,0.0,0.0
2022,20.22,-7.824068,0.0,0.0
2023,20.23,-6.880295,0.0,0.0
2024,20.24,-7.734849,0.0,0.0
2025,20.25,-7.762523,0.0,0.0
2026,20.26,-7.77628,0.0,0.0
2027,20.27,-7.949375,0.0,0.0
2028,20.28,-7.746872,0.0,0.0
2029,20.29,-8.661821,0.0,0.0
2030,20.30,-9.027811,0.0,0.0
2031,20.31,-9.28303,0.0,0.0
2032,20.32,-9.288971,0.0,0.0
2033,20.33,-9.758427,0.0,0.0
2034,20.34,-10.528906,0.0,0.0
2035,20.35,-10.512074,0.0,0.0
2036,20.36,-10.889319,0.0,0.0
2037,20.37,-11.092046,0.0,0.0
2038,20.38,-11.113917,0.0,0.0
2039,20.39,-12.048136,0.0,0.0
2040,20.40,-11.652201,0.0,0.0
2041,20.41,-11.235505,0.0,0.0
2042,20.42,-12.239667,0.0,0.0
2043,20.43,-12.217385,0.0,0.0
2044,20.44,-11.934981,0.0,0.0
2045,20.45,-12.58427,0.0,0.0
2046,20.46,-12.076711,0.0,0.0
2047,20.47,-12.52655,0.0,0.0
2048,20.48,-12.093971,0.0,0.0
2049,20.49,-12.387708,0.0,0.0
2000,20.00,-12.478214,0.0,0.0
2001,20.01,-11.804471,0.0,0.0
2002,20.02,-11.459002,0.0,0.0
2003,20.03,-11.149472,0.0,0.0
2004,20.04,-11.025869,0.0,0.0
2005,20.05,-10.828318,0.0,0.0
2006,20.06,-10.82556,0.0,0.0
2007,20.07,-10.356827,0.0,0.0
2008,20.08,-10.232248,0.0,0.0
2009,20.09,-10.473812,0.0,0.0
2010,20.10,-9.482395,0.0,0.0
2011,20.11,-9.767851,0.0,0.0
2012,20.12,-8.888719,0.0,0.0
2013,20.13,-8.391446,0.0,0.0
2014,20.14,-8.181643,0.0,0.0
2015,20.15,-8.166688,0.0,0.0
2016,20.16,-7.62709,0.0,0.0
2017,20.17,-7.755616,0.0,0.0
2018,20.18,-7.553659,0.0,0.0
2019,20.19,-7.333933,0.0,0.0
2020,20.20,-7.240005,0.0,0.0
2021,20.21,-7.217092,0.0,0.0
2022,20.22,-6.651642,0.0,0.0
2023,20.23,-7.316964,0.0,0.0
2024,20.24,-6.945337,0.0,0.0
2025,20.25,-7.048519,0.0,0.0
2026,20.26,-8.054331,0.0,0.0
2027,20.27,-7.779435,0.0,0.0
2028,20.28,-7.756096,0.0,0.0
2029,20.29,-8.235194,0.0,0.0
2030,20.30,-8.189976,0.0,0.0
2031,20.31,-8.544878,0.0,0.0
2032,20.32,-9.355595,0.0,0.0
2033,20.33,-8.62163,0.0,0.0
2034,20.34,-9.083719,0.0,0.0
2035,20.35,-9.872919,0.0,0.0
2036,20.36,-10.330502,0.0,0.0
2037,20.37,-10.563423,0.0,0.0
2038,20.38,-10.703053,0.0,0.0
2039,20.39,-10.901092,0.0,0.0
2040,20.40,-11.07884,0.0,0.0
2041,20.41,-11.749969,0.0,0.0
2042,20.42,-11.059086,0.0,0.0
2043,20.43,-11.314252,0.0,0.0
2044,20.44,-12.189183,0.0,0.0
2045,20.45,-12.449751,0.0,0.0
2046,20.46,-12.603966,0.0,0.0
2047,20.47,-12.23482,0.0,0.0
2048,20.48,-12.30999,0.0,0.0
2049,20.49,-12.524638,0.0,0.0
2000,20.00,-12.526852,0.0,0.0
2001,20.01,-12.496142,0.0,0.0
2002,20.02,-11.878352,0.0,0.0
2003,20.03,-11.551899,0.0,0.0
2004,20.04,-11.957813,0.0,0.0
2005,20.05,-11.796447,0.0,0.0
2006,20.06,-11.387446,0.0,0.0
2007,20.07,-11.331103,0.0,0.0
2008,20.08,-10.698996,0.0,0.0
2009,20.09,-10.533325,0.0,0.0
2010,20.10,-10.175512,0.0,0.0
2011,20.11,-9.727116,0.0,0.0
2012,20.12,-9.770708,0.0,0.0
2013,20.13,-9.567558,0.0,0.0
2014,20.14,-8.670899,0.0,0.0
2015,20.15,-8.476431,0.0,0.0
2016,20.16,-8.407428,0.0,0.0
2017,20.17,-8.423288,0.0,0.0
2018,20.18,-7.717641,0.0,0.0
2019,20.19,-7.636245,0.0,0.0
2020,20.20,-7.235844,0.0,0.0
2021,20.21,-7.229514,0.0,0.0
2022,20.22,-7.599651,0.0,0.0
2023,20.23,-6.861184,0.0,0.0
2024,20.24,-6.569713,0.0,0.0
2025,20.25,-6.874771,0.0,0.0
2026,20.26,-7.321978,0.0,0.0
2027,20.27,-7.2489,0.0,0.0
2028,20.28,-7.445905,0.0,0.0
2029,20.29,-7.506369,0.0,0.0
2030,20.30,-7.935795,0.0,0.0
2031,20.31,-8.609739,0.0,0.0
2032,20.32,-8.528355,0.0,0.0
2033,20.33,-8.501618,0.0,0.0
2034,20.34,-8.893088,0.0,0.0
2035,20.35,-9.142982,0.0,0.0
2036,20.36,-9.478155,0.0,0.0
2037,20.37,-9.713023,0.0,0.0
2038,20.38,-9.854475,0.0,0.0
2039,20.39,-10.280276,0.0,0.0
2040,20.40,-10.117694,0.0,0.0
2041,20.41,-10.834771,0.0,0.0
2042,20.42,-11.168956,0.0,0.0
2043,20.43,-11.61015,0.0,0.0
2044,20.44,-11.442109,0.0,0.0
2045,20.45,-11.540225,0.0,0.0
2046,20.46,-12.234504,0.0,0.0
2047,20.47,-12.454565,0.0,0.0
2048,20.48,-12.377516,0.0,0.0
2049,20.49,-12.289327,0.0,0.0
2000,20.00,-12.298777,0.0,0.0
2001,20.01,-12.645526,0.0,0.0
2002,20.02,-12.510918,0.0,0.0
2003,20.03,-11.846389,0.0,0.0
2004,20.04,-12.060554,0.0,0.0
2005,20.05,-12.348685,0.0,0.0
2006,20.06,-11.691588,0.0,0.0
2007,20.07,-11.943735,0.0,0.0
2008,20.08,-10.998135,0.0,0.0
2009,20.09,-10.938206,0.0,0.0
2010,20.10,-10.825031,0.0,0.0
2011,20.11,-10.432981,0.0,0.0
2012,20.12,-9.778197,0.0,0.0
2013,20.13,-9.788244,0.0,0.0
2014,20.14,-9.40545,0.0,0.0
2015,20.15,-8.994513,0.0,0.0
2016,20.16,-8.853374,0.0,0.0
2017,20.17,-8.392772,0.0,0.0
2018,20.18,-8.268292,0.0,0.0
2019,20.19,-7.599256,0.0,0.0
2020,20.20,-6.945582,0.0,0.0
2021,20.21,-7.466727,0.0,0.0
2022,20.22,-7.099426,0.0,0.0
2023,20.23,-7.240846,0.0,0.0
2024,20.24,-7.800552,0.0,0.0
2025,20.25,-6.818726,0.0,0.0
2026,20.26,-7.287119,0.0,0.0
2027,20.27,-6.986238,0.0,0.0
2028,20.28,-7.499481,0.0,0.0
2029,20.29,-6.917921,0.0,0.0
2030,20.30,-7.931026,0.0,0.0
2031,20.31,-7.565645,0.0,0.0
2032,20.32,-8.160864,0.0,0.0
2033,20.33,-8.270142,0.0,0.0
2034,20.34,-8.799585,0.0,0.0
2035,20.35,-8.562241,0.0,0.0
2036,20.36,-8.747129,0.0,0.0
2037,20.37,-9.0632,0.0,0.0
2038,20.38,-9.992845,0.0,0.0
2039,20.39,-9.984904,0.0,0.0
2040,20.40,-10.214389,0.0,0.0
2041,20.41,-10.583799,0.0,0.0
2042,20.42,-11.258928,0.0,0.0
2043,20.43,-11.426511,0.0,0.0
2044,20.44,-11.409284,0.0,0.0
2045,20.45,-11.910064,0.0,0.0
2046,20.46,-11.505677,0.0,0.0
2047,20.47,-12.104004,0.0,0.0
2048,20.48,-12.444208,0.0,0.0
2049,20.49,-12.489579,0.0,0.0
2000,20.00,-12.349368,0.0,0.0
2001,20.01,-12.114423,0.0,0.0
2002,20.02,-12.251868,0.0,0.0
2003,20.03,-12.467783,0.0,0.0
2004,20.04,-12.156893,0.0,0.0
2005,20.05,-12.038189,0.0,0.0
2006,20.06,-11.397274,0.0,0.0
2007,20.07,-11.840177,0.0,0.0
2008,20.08,-11.594443,0.0,0.0
2009,20.09,-10.905944,0.0,0.0
2010,20.10,-10.992687,0.0,0.0
2011,20.11,-10.822644,0.0,0.0
2012,20.12,-10.359676,0.0,0.0
2013,20.13,-10.069714,0.0,0.0
2014,20.14,-9.82017,0.0,0.0
2015,20.15,-9.733182,0.0,0.0
2016,20.16,-9.245261,0.0,0.0
2017,20.17,-9.031146,0.0,0.0
2018,20.18,-8.442257,0.0,0.0
2019,20.19,-8.516848,0.0,0.0
2020,20.20,-8.475666,0.0,0.0
2021,20.21,-8.050391,0.0,0.0
2022,20.22,-7.608156,0.0,0.0
2023,20.23,-7.448673,0.0,0.0
2024,20.24,-7.848641,0.0,0.0
2025,20.25,-7.371374,0.0,0.0
2026,20.26,-7.105834,0.0,0.0
2027,20.27,-7.315881,0.0,0.0
2028,20.28,-7.521375,0.0,0.0
2029,20.29,-7.550321,0.0,0.0
2030,20.30,-8.1426,0.0,0.0
2031,20.31,-7.656353,0.0,0.0
2032,20.32,-7.792807,0.0,0.0
2033,20.33,-8.07725,0.0,0.0
2034,20.34,-8.436815,0.0,0.0
2035,20.35,-8.484714,0.0,0.0
2036,20.36,-8.243888,0.0,0.0
2037,20.37,-9.16408,0.0,0.0
2038,20.38,-9.951664,0.0,0.0
2039,20.39,-9.686516,0.0,0.0
2040,20.40,-9.980321,0.0,0.0
2041,20.41,-10.196937,0.0,0.0
2042,20.42,-10.41551,0.0,0.0
2043,20.43,-11.012116,0.0,0.0
2044,20.44,-11.357699,0.0,0.0
2045,20.45,-12.075783,0.0,0.0
2046,20.46,-11.436213,0.0,0.0
2047,20.47,-11.614418,0.0,0.0
2048,20.48,-12.36755,0.0,0.0
2049,20.49,-12.420399,0.0,0.0
